tempo,x_referencia,y_instrumento,condicao
1.048908400,0.120999999,0.630927265,condicao_1
1.354400600,0.163000003,0.678578973,condicao_1
1.725166000,0.202999994,0.730550587,condicao_1
2.026664900,0.244000003,0.790301502,condicao_1
2.457221300,0.286000013,0.830571294,condicao_1
2.913433800,0.326999992,0.909106731,condicao_1
3.263091700,0.368999988,0.943234324,condicao_1
3.637656700,0.409999996,0.975007236,condicao_1
4.109447100,0.451000005,1.024579644,condicao_1
4.515318400,0.490999997,1.070100904,condicao_1
4.977629300,0.532000005,1.122493982,condicao_1
5.404242900,0.573000014,1.178262591,condicao_1
5.887615600,0.614000022,1.242078304,condicao_1
6.323308800,0.654999971,1.281997919,condicao_1
6.798458000,0.695999980,1.315607905,condicao_1
7.167392800,0.736000001,1.393040419,condicao_1
7.480370500,0.777000010,1.415367007,condicao_1
7.888155900,0.819000006,1.502333045,condicao_1
8.280581900,0.860000014,1.516238332,condicao_1
8.752258000,0.901000023,1.579314470,condicao_1
9.207306300,0.941999972,1.650005221,condicao_1
9.576788000,0.982999980,1.665897608,condicao_1
10.052756300,1.024000049,1.710651398,condicao_1
10.506536300,1.065000057,1.775853395,condicao_1
10.913027100,1.106999993,1.840814233,condicao_1
11.179333300,1.149000049,1.866626143,condicao_1
11.456728000,1.190000057,1.912218332,condicao_1
11.882477900,1.231999993,1.974166393,condicao_1
12.234363700,1.274000049,2.009888411,condicao_1
12.567269300,1.315000057,2.073893070,condicao_1
13.048972600,1.355000019,2.106481314,condicao_1
13.510245200,1.396000028,2.184824228,condicao_1
13.976158300,1.437999964,2.230977058,condicao_1
14.429627200,1.478999972,2.273262262,condicao_1
14.878422700,1.519999981,2.343014002,condicao_1
15.304692000,1.560999990,2.389904737,condicao_1
15.754256100,1.601999998,2.437675714,condicao_1
16.220626700,1.643000007,2.482196808,condicao_1
16.558147500,1.684000015,2.530694008,condicao_1
16.984057900,1.725999951,2.554596663,condicao_1
17.465949300,1.766999960,2.640072346,condicao_1
17.909518000,1.807999969,2.673140764,condicao_1
18.340686200,1.848999977,2.730516911,condicao_1
18.811431300,1.889999986,2.783553123,condicao_1
19.238271900,1.930999994,2.835229397,condicao_1
19.681059100,1.973000050,2.848118305,condicao_1
20.077808700,2.013000011,2.933516026,condicao_1
20.521141400,2.055000067,2.982987165,condicao_1
20.977372600,2.095999956,3.011088371,condicao_1
21.392703900,2.135999918,3.051295996,condicao_1
21.893832200,2.177000046,3.131705284,condicao_1
22.320713600,2.217999935,3.159944057,condicao_1
22.774295600,2.259000063,3.211586475,condicao_1
23.211692000,2.299999952,3.245792866,condicao_1
23.651852500,2.341000080,3.294143438,condicao_1
24.105420000,2.381999969,3.372716188,condicao_1
24.582088000,2.423000097,3.396985769,condicao_1
25.032695400,2.463999987,3.447106361,condicao_1
25.476372900,2.505000114,3.490021229,condicao_1
25.919551800,2.545000076,3.543751717,condicao_1
26.381986200,2.585999966,3.607046604,condicao_1
26.864740500,2.627000093,3.643268347,condicao_1
27.300729400,2.667999983,3.702445745,condicao_1
27.751522100,2.709000111,3.759389162,condicao_1
28.183206100,2.750000000,3.817823172,condicao_1
28.616015500,2.790999889,3.845625401,condicao_1
29.081337200,2.832000017,3.898599625,condicao_1
29.539936000,2.872999907,3.934328794,condicao_1
30.008968400,2.914000034,3.999207497,condicao_1
30.429626100,2.954999924,4.028409481,condicao_1
30.879947300,2.994999886,4.081485748,condicao_1
31.336302000,3.036000013,4.149575233,condicao_1
31.785699900,3.078000069,4.186738014,condicao_1
32.234150200,3.118999958,4.244919777,condicao_1
32.676430800,3.158999920,4.284147263,condicao_1
33.113459400,3.200000048,4.339018345,condicao_1
33.556357300,3.240999937,4.405146599,condicao_1
34.028800700,3.282000065,4.424942017,condicao_1
34.481161200,3.322999954,4.488037109,condicao_1
34.947964200,3.364000082,4.524860859,condicao_1
35.373467800,3.404999971,4.604975700,condicao_1
35.804740700,3.446000099,4.623322010,condicao_1
36.246128500,3.486999989,4.704021454,condicao_1
36.684804200,3.528000116,4.714893341,condicao_1
37.130631400,3.569000006,4.797158241,condicao_1
37.584504700,3.609999895,4.843536854,condicao_1
38.065799200,3.651000023,4.893921852,condicao_1
38.518434100,3.691999912,4.912089348,condicao_1
38.968346000,3.733000040,4.999013901,condicao_1
39.422611200,3.773999929,5.045597076,condicao_1
39.885466900,3.815999985,5.098774910,condicao_1
40.315645100,3.857000113,5.122187138,condicao_1
40.796933300,3.898000002,5.194928169,condicao_1
41.233687300,3.938999891,5.217166424,condicao_1
41.686441700,3.980000019,5.295869827,condicao_1
42.133931100,4.020999908,5.325576305,condicao_1
42.617563600,4.061999798,5.388900757,condicao_1
43.015728400,4.102000237,5.412929535,condicao_1
43.440835000,4.143000126,5.464958191,condicao_1
43.900009800,4.184999943,5.510479450,condicao_1
44.370787400,4.225999832,5.583764553,condicao_1
44.679074500,4.267000198,5.625540257,condicao_1
45.172868100,4.308000088,5.687918186,condicao_1
45.552631300,4.349999905,5.707004070,condicao_1
45.955834900,4.390999794,5.788562775,condicao_1
46.383732200,4.432000160,5.820586205,condicao_1
46.832685800,4.473000050,5.868856430,condicao_1
47.258646200,4.513999939,5.901067257,condicao_1
47.702716200,4.554999828,5.949158669,condicao_1
48.197046300,4.596000195,6.027568340,condicao_1
48.622010600,4.637000084,6.058808327,condicao_1
49.075205900,4.677999973,6.133458138,condicao_1
49.542438500,4.718999863,6.176793575,condicao_1
49.986840200,4.758999825,6.191245556,condicao_1
50.432208400,4.800000191,6.245647430,condicao_1
50.935943000,4.841000080,6.329098225,condicao_1
51.372938400,4.881999969,6.344036579,condicao_1
51.803445000,4.921999931,6.425951481,condicao_1
52.251887600,4.964000225,6.441387177,condicao_1
52.683058800,5.005000114,6.496392250,condicao_1
53.076120900,5.045000076,6.537952900,condicao_1
53.525851600,5.085999966,6.606768131,condicao_1
54.019366400,5.127999783,6.639715195,condicao_1
54.462781000,5.169000149,6.698845863,condicao_1
54.918946900,5.210000038,6.738395691,condicao_1
55.383563100,5.250999928,6.796146393,condicao_1
55.843154300,5.290999889,6.856816769,condicao_1
56.281333500,5.333000183,6.899249077,condicao_1
56.724929000,5.373000145,6.958879471,condicao_1
57.156575200,5.414000034,6.978769779,condicao_1
57.582318500,5.454999924,7.029695034,condicao_1
57.997414000,5.495999813,7.076186180,condicao_1
58.396327600,5.535999775,7.155613422,condicao_1
58.784384300,5.577000141,7.195141792,condicao_1
59.230590900,5.618000031,7.251410484,condicao_1
59.505703200,5.658999920,7.285473824,condicao_1
59.958834200,5.699999809,7.330693245,condicao_1
60.407311000,5.741000175,7.402925014,condicao_1
60.782012500,5.782000065,7.424392223,condicao_1
61.235676800,5.822999954,7.479193687,condicao_1
61.680090100,5.863999844,7.522123814,condicao_1
62.107611600,5.906000137,7.606765270,condicao_1
62.566678900,5.947000027,7.654957294,condicao_1
62.999371600,5.987999916,7.700015545,condicao_1
63.420416200,6.028999805,7.730713844,condicao_1
63.844826800,6.070000172,7.803831577,condicao_1
64.293656200,6.111000061,7.851732254,condicao_1
64.767965400,6.152999878,7.885072231,condicao_1
65.248309300,6.193999767,7.940258980,condicao_1
65.690836000,6.235000134,7.971900940,condicao_1
65.994122200,6.276000023,8.011645317,condicao_1
66.382337800,6.316999912,8.093514442,condicao_1
66.835787000,6.357999802,8.141853333,condicao_1
67.319286300,6.399000168,8.167053223,condicao_1
67.728530300,6.440000057,8.236989021,condicao_1
68.177418000,6.480000019,8.283934593,condicao_1
68.589499000,6.521999836,8.321358681,condicao_1
68.996958300,6.563000202,8.394978523,condicao_1
69.407171300,6.604000092,8.430287361,condicao_1
69.836185800,6.644999981,8.487955093,condicao_1
70.278869300,6.686999798,8.532194138,condicao_1
70.587879900,6.728000164,8.582519531,condicao_1
70.964003700,6.769999981,8.633076668,condicao_1
71.332435400,6.810999870,8.690642357,condicao_1
71.639309500,6.852000237,8.713916779,condicao_1
71.970371500,6.893000126,8.790148735,condicao_1
72.306649500,6.935999870,8.810961723,condicao_1
72.634104900,6.977000237,8.880084038,condicao_1
72.915636900,7.018000126,8.915390015,condicao_1
73.297052300,7.059000015,8.956254959,condicao_1
73.688192200,7.099999905,9.001851082,condicao_1
74.081265400,7.142000198,9.069364548,condicao_1
74.389761000,7.184000015,9.128736496,condicao_1
74.702773500,7.224999905,9.189451218,condicao_1
75.144181700,7.265999794,9.219811440,condicao_1
75.529419400,7.307000160,9.285104752,condicao_1
75.860152400,7.348000050,9.336928368,condicao_1
76.286209800,7.389999866,9.375536919,condicao_1
76.595486900,7.432000160,9.431678772,condicao_1
76.922678700,7.473000050,9.450648308,condicao_1
77.381983100,7.514999866,9.527694702,condicao_1
77.818617600,7.556000233,9.578449249,condicao_1
78.274056300,7.597000122,9.634219170,condicao_1
78.649588200,7.638000011,9.673489571,condicao_1
79.104918000,7.678999901,9.716132164,condicao_1
79.527072200,7.719999790,9.746617317,condicao_1
79.928898300,7.761000156,9.830880165,condicao_1
80.381960100,7.802000046,9.871606827,condicao_1
80.824579200,7.842999935,9.929088593,condicao_1
81.272548700,7.883999825,9.973763466,condicao_1
81.724280000,7.925000191,10.019643784,condicao_1
82.172776000,7.966000080,10.076492310,condicao_1
82.595480900,8.008000374,10.126008987,condicao_1
83.054732000,8.048999786,10.178670883,condicao_1
83.531803500,8.088999748,10.216594696,condicao_1
83.980225600,8.130999565,10.260604858,condicao_1
84.384022600,8.171999931,10.325267792,condicao_1
84.652783800,8.213999748,10.338870049,condicao_1
84.949461000,8.255000114,10.420778275,condicao_1
85.278323100,8.295999527,10.450838089,condicao_1
85.589294200,8.338000298,10.491976738,condicao_1
85.888495000,8.378999710,10.555193901,condicao_1
86.140237500,8.420000076,10.607680321,condicao_1
86.481670400,8.461000443,10.666011810,condicao_1
86.765250800,8.501999855,10.683409691,condicao_1
87.066466200,8.543999672,10.750508308,condicao_1
87.514422600,8.585000038,10.821549416,condicao_1
87.942318500,8.626000404,10.845863342,condicao_1
88.373405200,8.668000221,10.897241592,condicao_1
88.794757400,8.708000183,10.957754135,condicao_1
89.250942900,8.750000000,11.016382217,condicao_1
89.705634700,8.791000366,11.035366058,condicao_1
90.148602300,8.831999779,11.083783150,condicao_1
90.584557500,8.873000145,11.167239189,condicao_1
90.852959200,8.916000366,11.208539009,condicao_1
91.184320100,8.956000328,11.235876083,condicao_1
91.621724500,8.996999741,11.295536041,condicao_1
92.064003200,9.038999557,11.357760429,condicao_1
92.455578500,9.079999924,11.413541794,condicao_1
92.845308000,9.121999741,11.427646637,condicao_1
93.153366700,9.163000107,11.497223854,condicao_1
93.551097100,9.204000473,11.525197983,condicao_1
93.898963200,9.246000290,11.584547043,condicao_1
94.169041700,9.286999702,11.661195755,condicao_1
94.626768600,9.328000069,11.680759430,condicao_1
95.088390700,9.369999886,11.762678146,condicao_1
95.496391000,9.411000252,11.781923294,condicao_1
95.804729100,9.451999664,11.836335182,condicao_1
96.196579300,9.493000031,11.896800995,condicao_1
96.621958200,9.534999847,11.922407150,condicao_1
96.919451700,9.576000214,11.998012543,condicao_1
97.228501700,9.616999626,12.022556305,condicao_1
97.576051500,9.659000397,12.108855247,condicao_1
97.917764600,9.699999809,12.157912254,condicao_1
98.280747400,9.741000175,12.206328392,condicao_1
98.729868700,9.781999588,12.244202614,condicao_1
99.021599400,9.824000359,12.303488731,condicao_1
99.403939400,9.864999771,12.353504181,condicao_1
99.764156300,9.906000137,12.378677368,condicao_1
100.079069300,9.949000359,12.445770264,condicao_1
100.450351800,9.989999771,12.469418526,condicao_1
100.709941100,0.030999999,1.016955853,condicao_2
101.019084000,0.071999997,1.071697474,condicao_2
101.343852000,0.114000000,1.085796118,condicao_2
101.751758800,0.153999999,1.133246660,condicao_2
102.222342300,0.194999993,1.185450792,condicao_2
102.698585100,0.236000001,1.211750031,condicao_2
103.154735200,0.277000010,1.266593933,condicao_2
103.525171300,0.317000002,1.272072911,condicao_2
103.967777300,0.358000010,1.314274549,condicao_2
104.404756900,0.400000006,1.354485035,condicao_2
104.870455300,0.439999998,1.385886908,condicao_2
105.324830700,0.481000006,1.440717459,condicao_2
105.760955900,0.522000015,1.458305717,condicao_2
106.258795400,0.563000023,1.519408464,condicao_2
106.706512600,0.603999972,1.544523001,condicao_2
107.114792200,0.644999981,1.569945693,condicao_2
107.519047800,0.685999990,1.617978692,condicao_2
107.920918300,0.727999985,1.661322236,condicao_2
108.245664200,0.769999981,1.678464293,condicao_2
108.515258800,0.810999990,1.715239406,condicao_2
108.820189200,0.852999985,1.756841898,condicao_2
109.083836800,0.893999994,1.786081433,condicao_2
109.347741600,0.935999990,1.853581190,condicao_2
109.623140300,0.976999998,1.861060500,condicao_2
109.875574900,1.018000007,1.909107566,condicao_2
110.134452200,1.059000015,1.969092131,condicao_2
110.549100600,1.100000024,1.971730947,condicao_2
110.869017200,1.141999960,2.009648085,condicao_2
111.173205100,1.184000015,2.054017544,condicao_2
111.487038200,1.225000024,2.090520620,condicao_2
111.784438200,1.266000032,2.125864506,condicao_2
112.081305500,1.307000041,2.196075916,condicao_2
112.345541500,1.348999977,2.228741169,condicao_2
112.614960600,1.389999986,2.267705441,condicao_2
113.035308700,1.430999994,2.278264523,condicao_2
113.365481900,1.473000050,2.335446596,condicao_2
113.617559300,1.514999986,2.347756386,condicao_2
113.870541900,1.557000041,2.404913425,condicao_2
114.129616400,1.598999977,2.422240734,condicao_2
114.448376900,1.639999986,2.482012749,condicao_2
114.715091200,1.682000041,2.501832724,condicao_2
115.023123800,1.723999977,2.560595751,condicao_2
115.349689000,1.764999986,2.606770754,condicao_2
115.674332300,1.805999994,2.619668245,condicao_2
115.979366100,1.847000003,2.681093931,condicao_2
116.395853800,1.888000011,2.718319654,condicao_2
116.772752600,1.929999948,2.756366253,condicao_2
117.020357100,1.972000003,2.780593395,condicao_2
117.270057100,2.013999939,2.797853231,condicao_2
117.518362900,2.055999994,2.831983566,condicao_2
117.855817800,2.096999884,2.907038927,condicao_2
118.210799000,2.138000011,2.904609442,condicao_2
118.659569300,2.178999901,2.956331015,condicao_2
118.907427800,2.220000029,2.994308949,condicao_2
119.266749100,2.262000084,3.021580935,condicao_2
119.591063200,2.303999901,3.066823006,condicao_2
119.877966900,2.345000029,3.107739925,condicao_2
120.314346300,2.385999918,3.154087305,condicao_2
120.725068000,2.427000046,3.187910318,condicao_2
121.101060500,2.470000029,3.231808424,condicao_2
121.482401700,2.510999918,3.278804064,condicao_2
121.897866200,2.552000046,3.313404799,condicao_2
122.358218500,2.592999935,3.348087072,condicao_2
122.706172400,2.634000063,3.380390644,condicao_2
123.087266900,2.674999952,3.406031370,condicao_2
123.473623600,2.716000080,3.455236197,condicao_2
123.822529000,2.756999969,3.498642445,condicao_2
124.174991200,2.799000025,3.499582767,condicao_2
124.653223300,2.838999987,3.566412687,condicao_2
125.101453200,2.881000042,3.579885721,condicao_2
125.483265700,2.921999931,3.648648500,condicao_2
125.937213800,2.963000059,3.663087368,condicao_2
126.401169300,3.003999949,3.702186823,condicao_2
126.837952700,3.046000004,3.744384050,condicao_2
127.336515400,3.086999893,3.773651123,condicao_2
127.772725000,3.127000093,3.827393770,condicao_2
128.247792600,3.167999983,3.836185694,condicao_2
128.690671600,3.209000111,3.885285854,condicao_2
129.138662100,3.250999928,3.944194078,condicao_2
129.648724600,3.290999889,3.981367111,condicao_2
130.072471400,3.332000017,4.007749081,condicao_2
130.500850300,3.374000072,4.055339336,condicao_2
130.975600900,3.414000034,4.084867954,condicao_2
131.435759900,3.456000090,4.103221893,condicao_2
131.902462600,3.496000051,4.157503605,condicao_2
132.338012000,3.536999941,4.179755688,condicao_2
132.697942000,3.578999996,4.208705425,condicao_2
133.013821400,3.618999958,4.269542694,condicao_2
133.311920700,3.660000086,4.302303791,condicao_2
133.658835600,3.701999903,4.349002838,condicao_2
134.025815200,3.743000031,4.361697197,condicao_2
134.277757000,3.785000086,4.399408340,condicao_2
134.745970000,3.825999975,4.440190792,condicao_2
135.161998900,3.867000103,4.499991417,condicao_2
135.622521600,3.907999992,4.530280590,condicao_2
135.960078700,3.948999882,4.544522762,condicao_2
136.430398500,3.990000010,4.574913979,condicao_2
136.782598900,4.031000137,4.645802975,condicao_2
137.207976700,4.072000027,4.684573174,condicao_2
137.659284900,4.111999989,4.719216347,condicao_2
138.129407500,4.152999878,4.728442192,condicao_2
138.600862500,4.193999767,4.762896061,condicao_2
139.095340100,4.235000134,4.792100430,condicao_2
139.589348100,4.276000023,4.836114883,condicao_2
140.070545600,4.315999985,4.894975662,condicao_2
140.547882300,4.356999874,4.941199303,condicao_2
141.004170500,4.397999763,4.977028370,condicao_2
141.480971800,4.439000130,4.984629154,condicao_2
141.940458400,4.480999947,5.052723408,condicao_2
142.384993900,4.520999908,5.056513309,condicao_2
142.860953600,4.561999798,5.087798119,condicao_2
143.342855500,4.603000164,5.161586285,condicao_2
143.780466600,4.644000053,5.188715935,condicao_2
144.239416000,4.684000015,5.235459805,condicao_2
144.721392500,4.724999905,5.235510349,condicao_2
145.226854700,4.765999794,5.304677486,condicao_2
145.693375500,4.807000160,5.345691681,condicao_2
146.165356500,4.848000050,5.344824314,condicao_2
146.635284100,4.888999939,5.408858299,condicao_2
147.094695900,4.929999828,5.427021980,condicao_2
147.566424100,4.971000195,5.465259075,condicao_2
147.980558600,5.011000156,5.496127129,condicao_2
148.450320600,5.052000046,5.555223465,condicao_2
148.933267500,5.092000008,5.600608349,condicao_2
149.386930500,5.133999825,5.637070656,condicao_2
149.819294900,5.173999786,5.641759872,condicao_2
150.279406000,5.216000080,5.701463699,condicao_2
150.692664700,5.256000042,5.711108685,condicao_2
151.168065400,5.296999931,5.752279282,condicao_2
151.659227700,5.339000225,5.790215492,condicao_2
152.128736100,5.380000114,5.825196743,condicao_2
152.581979300,5.420000076,5.877094746,condicao_2
153.059206700,5.461999893,5.926252842,condicao_2
153.522758600,5.501999855,5.945405483,condicao_2
153.989035500,5.543000221,6.008418560,condicao_2
154.443401300,5.584000111,6.008255482,condicao_2
154.907335900,5.624000072,6.077629566,condicao_2
155.354956000,5.664999962,6.101511478,condicao_2
155.818839900,5.705999851,6.130426407,condicao_2
156.311041900,5.747000217,6.157918930,condicao_2
156.721606800,5.788000107,6.228676319,condicao_2
157.203943400,5.828999996,6.264558315,condicao_2
157.686049000,5.869999886,6.293465137,condicao_2
158.134951500,5.910999775,6.333553314,condicao_2
158.596565900,5.952000141,6.358807087,condicao_2
159.058056200,5.993000031,6.410769463,condicao_2
159.545154900,6.033999920,6.421042442,condicao_2
160.033274000,6.073999882,6.449306488,condicao_2
160.487993500,6.114999771,6.519269943,condicao_2
160.979420000,6.156000137,6.559945107,condicao_2
161.423655200,6.197000027,6.576383591,condicao_2
161.877514100,6.237999916,6.611816883,condicao_2
162.337882100,6.278999805,6.669535160,condicao_2
162.752346700,6.320000172,6.696225643,condicao_2
163.223253000,6.361000061,6.741182327,condicao_2
163.682941400,6.401999950,6.767816067,condicao_2
164.110250200,6.442999840,6.805426121,condicao_2
164.557243900,6.482999802,6.853249073,condicao_2
165.021924000,6.524000168,6.870910645,condicao_2
165.449365400,6.565000057,6.888974190,condicao_2
165.859172200,6.605999947,6.936089039,condicao_2
166.190955000,6.646999836,6.998571396,condicao_2
166.633034000,6.688000202,7.003794193,condicao_2
167.095202200,6.729000092,7.066860676,condicao_2
167.549334300,6.769999981,7.084879398,condicao_2
168.025030900,6.810999870,7.143424988,condicao_2
168.499438600,6.852000237,7.152171135,condicao_2
168.983869800,6.893000126,7.189433575,condicao_2
169.413856900,6.934000015,7.249397755,condicao_2
169.759388600,6.975999832,7.285281181,condicao_2
170.138466300,7.017000198,7.307932854,condicao_2
170.552464700,7.058000088,7.335060596,condicao_2
170.872234900,7.098999977,7.370111942,condicao_2
171.192064300,7.139999866,7.431674004,condicao_2
171.582222100,7.181000233,7.459670067,condicao_2
171.950758800,7.222000122,7.518578529,condicao_2
172.348877400,7.263000011,7.554507256,condicao_2
172.688971600,7.303999901,7.581755638,condicao_2
173.153231200,7.343999863,7.629457474,condicao_2
173.523476300,7.386000156,7.660697937,condicao_2
173.926306000,7.427999973,7.695676804,condicao_2
174.324010100,7.468999863,7.741108418,condicao_2
174.693560000,7.511000156,7.779374599,condicao_2
175.049731800,7.552000046,7.798844814,condicao_2
175.387155400,7.593999863,7.822335720,condicao_2
175.812753300,7.635000229,7.862946033,condicao_2
176.223613700,7.676000118,7.894773960,condicao_2
176.671653200,7.717000008,7.939967632,condicao_2
177.125449800,7.757999897,7.979062080,condicao_2
177.523106000,7.798999786,8.013801575,condicao_2
177.988668900,7.839000225,8.049024582,condicao_2
178.419168600,7.880000114,8.075980186,condicao_2
178.891534900,7.921000004,8.138970375,condicao_2
179.300718400,7.961999893,8.165485382,condicao_2
179.760154600,8.003000259,8.206912994,condicao_2
180.248872700,8.043999672,8.223780632,condicao_2
180.728147200,8.085000038,8.295483589,condicao_2
181.188994900,8.126000404,8.293798447,condicao_2
181.638866900,8.166000366,8.360796928,condicao_2
182.076562300,8.206999779,8.370441437,condicao_2
182.520982500,8.248000145,8.419528008,condicao_2
183.007463400,8.288999557,8.440693855,condicao_2
183.465138000,8.329999924,8.516824722,condicao_2
183.937317200,8.371000290,8.519697189,condicao_2
184.370607500,8.411999702,8.565782547,condicao_2
184.792229100,8.453000069,8.612438202,condicao_2
185.239955200,8.494000435,8.647650719,condicao_2
185.711102600,8.536000252,8.691157341,condicao_2
186.159775800,8.576999664,8.738617897,condicao_2
186.620290700,8.619000435,8.773315430,condicao_2
186.955413800,8.659000397,8.780841827,condicao_2
187.372213200,8.701000214,8.826881409,condicao_2
187.868806600,8.741999626,8.873407364,condicao_2
188.341054300,8.781999588,8.921656609,condicao_2
188.811963300,8.822999954,8.955480576,condicao_2
189.293874200,8.864000320,8.972268105,condicao_2
189.777181500,8.904999733,9.032499313,condicao_2
190.227377100,8.946000099,9.038222313,condicao_2
190.664357400,8.987999916,9.087278366,condicao_2
190.993585400,9.029000282,9.123860359,condicao_2
191.286117800,9.071000099,9.183636665,condicao_2
191.689719400,9.112000465,9.183419228,condicao_2
192.037162600,9.152000427,9.251187325,condicao_2
192.357678700,9.194000244,9.268401146,condicao_2
192.682700200,9.236000061,9.326940536,condicao_2
193.007218400,9.276000023,9.331315994,condicao_2
193.388320900,9.319000244,9.380132675,condicao_2
193.786221400,9.359999657,9.410724640,condicao_2
194.167662900,9.401000023,9.474504471,condicao_2
194.595958700,9.442000389,9.517347336,condicao_2
195.071203600,9.482999802,9.525419235,condicao_2
195.513632300,9.524000168,9.554762840,condicao_2
195.991186500,9.564999580,9.606481552,condicao_2
196.455501100,9.604999542,9.633499146,condicao_2
196.894940200,9.645999908,9.700327873,condicao_2
197.368091800,9.687000275,9.715144157,condicao_2
197.833578200,9.727999687,9.760129929,condicao_2
198.200276200,9.770000458,9.812105179,condicao_2
198.610668300,9.810999870,9.842875481,condicao_2
198.966047500,9.852000237,9.851327896,condicao_2
199.391946700,9.892999649,9.884239197,condicao_2
199.797020600,9.934000015,9.927894592,condicao_2
200.256823500,9.975000381,9.987446785,condicao_2
200.702524700,10.000000000,10.007343292,condicao_2
