tempo_s,zth_fabricante_k_w,zth_reduzido_k_w
1e-05,0.0430672237008,0.0426857884158
1.04328129896e-05,0.0448972987742,0.0445030589089
1.08843586876e-05,0.046803628157,0.0463963432637
1.13554478699e-05,0.0487892572974,0.0483687024317
1.1846926404e-05,0.0508573417446,0.0504233101863
1.23596767675e-05,0.0530111501039,0.0525634563455
1.28946196327e-05,0.0552540669755,0.054792549999
1.345271552e-05,0.0575895958623,0.0571141227275
1.40349665222e-05,0.060021362037,0.0595318318022
1.46424181041e-05,0.0625531153508,0.0620494633531
1.52761609796e-05,0.0651887329709,0.06467093549
1.59373330699e-05,0.0679322220268,0.0674003013602
1.66271215471e-05,0.0707877221487,0.0702417521269
1.73467649657e-05,0.0737595078764,0.0731996198458
1.80975554861e-05,0.0768519909155,0.0762783802219
1.88808411956e-05,0.0800697222176,0.0794826552202
1.9698028528e-05,0.0834173938578,0.0828172155067
2.05505847896e-05,0.08689984068,0.08628698269
2.14400407937e-05,0.0905220416802,0.0898970313355
2.2367993609e-05,0.0942891210938,0.0936525907166
2.33361094275e-05,0.0982063491512,0.0975590462687
2.43461265562e-05,0.102279142464,0.101621940708
2.53998585382e-05,0.106513064001,0.105846974772
2.64991974091e-05,0.110913822607,0.110240007536
2.76461170943e-05,0.115487272025,0.114807056261
2.88426769534e-05,0.120239409364,0.119554295719
3.00910254774e-05,0.125176372972,0.12448805694
3.13934041471e-05,0.130304439637,0.129614825319
3.27521514574e-05,0.135630021095,0.134941238031
3.41697071162e-05,0.141159659742,0.140474080673
3.56486164252e-05,0.146900023517,0.14622028307
3.71915348502e-05,0.152857899886,0.152186914176
3.88012327888e-05,0.159040188839,0.158381175973
4.04806005452e-05,0.16545389486,0.16481039631
4.22326535194e-05,0.172106117772,0.171482020574
4.40605376223e-05,0.179004042398,0.178403602116
4.59675349234e-05,0.186154926961,0.185582791333
4.79570695449e-05,0.193566090143,0.193027323309
5.00327138091e-05,0.201244896735,0.200745003924
5.21981946532e-05,0.209198741801,0.208743694316
5.44574003212e-05,0.217435033286,0.2170312936
5.68143873451e-05,0.225961172992,0.225615719741
5.92733878289e-05,0.234784535866,0.234504888474
6.18388170479e-05,0.243912447539,0.243706690167
6.45152813759e-05,0.253352160046,0.253228964525
6.73075865566e-05,0.263110825707,0.263079473037
7.02207463326e-05,0.273195469109,0.273265869076
7.32599914478e-05,0.283612957179,0.283795665559
7.64307790394e-05,0.294369967328,0.294676200089
7.97388024368e-05,0.305472953669,0.305914597524
8.31900013837e-05,0.316928111341,0.317517729896
8.67905727041e-05,0.328741338967,0.329492173668
9.05469814282e-05,0.340918199314,0.341844164286
9.44659724013e-05,0.353463878249,0.35457954805
9.85545823943e-05,0.3663831421,0.367703731318
0.000102820152739,0.379680293571,0.38122162711
0.000107270342509,0.393359126392,0.395137599208
0.000111913142272,0.407422878915,0.409455403872
0.00011675688844,0.421874186903,0.424178129362
0.000121810278235,0.436715035816,0.439308133476
0.000127082385303,0.451946712903,0.454846979385
0.000132582676014,0.467569759499,0.470795370099
0.000138321026451,0.483583923913,0.487153081954
0.00014430774015,0.499988115391,0.503918897589
0.000150553566593,0.516780359631,0.52109053894
0.000157069720519,0.533957756402,0.538664600869
0.00016386790205,0.551516439828,0.556636486115
0.000170960317708,0.569451541955,0.57500034234
0.000178359702329,0.587757160216,0.593749002119
0.000186079341928,0.606426329464,0.612873926829
0.000194133097556,0.625450999211,0.632365155454
0.00020253543019,0.644822016747,0.652211259406
0.000211301426694,0.664529116776,0.672399304553
0.000220446826913,0.684560918195,0.692914821695
0.000229988051933,0.704904928587,0.713741786809
0.000239942233566,0.725547556947,0.734862612392
0.00025032724511,0.746474135083,0.756258151308
0.000261161733444,0.767668948028,0.777907714511
0.000272465152506,0.789115273705,0.799789104016
0.000284257798227,0.810795431917,0.82187866245
0.000296560844974,0.832690842616,0.844151340421
0.000309396383565,0.854782093215,0.866580782836
0.000322787460939,0.877049014519,0.889139435147
0.000336758121537,0.899470764669,0.911798670277
0.000351333450472,0.922025920278,0.934528936767
0.000366539618577,0.94469257375,0.957299928342
0.000382403929389,0.967448435551,0.980080774764
0.00039895486818,0.990270940051,1.00284025344
0.000416222153101,1.01313735336,1.02554702075
0.000434236788543,1.03602488148,1.04816986167
0.000453031120807,1.05891077701,1.07067795551
0.000472638896185,1.08177244255,1.0930411553
0.000493095321551,1.10458752901,1.11523027748
0.000514437127579,1.12733402719,1.13721739811
0.000536702634693,1.14999035092,1.15897615113
0.000559931821878,1.17253541067,1.18048202378
0.000584166398458,1.19494867627,1.20171264347
0.000609449878992,1.21721022853,1.22264805033
0.000635827661405,1.2393007991,1.24327094901
0.000663347108505,1.26120179921,1.26356693324
0.000692057633023,1.28289533785,1.28352467663
0.000722010786335,1.30436423078,1.30313608318
0.00075326035103,1.32559200214,1.32239639147
0.000785862437478,1.34656288093,1.34130422695
0.000819875584576,1.36726179486,1.35986159747
0.000855360864861,1.38767436453,1.37807382857
0.000892381994172,1.40778690075,1.39594943566
0.000931005446048,1.42758640787,1.41349993249
0.000971300571091,1.44706059574,1.43073957618
0.00101333972149,1.46619790227,1.44768505158
0.00105719838092,1.48498752817,1.46435509893
0.00110295530011,1.50341948425,1.48077009126
0.00115069263819,1.52148465113,1.49695156939
0.00120049611027,1.53917484959,1.51292174431
0.00125245514132,1.55648291917,1.52870297798
0.00130666302673,1.57340280128,1.54431725487
0.00136321709983,1.58992962208,1.55978565723
0.00142221890667,1.60605976977,1.57512785743
0.00148377438836,1.62179096037,1.59036164031
0.00154799407125,1.63712228581,1.60550246818
0.00161499326543,1.65205423844,1.62056309937
0.00168489227177,1.66658870652,1.63555327009
0.0017578165979,1.68072893653,1.6504794468
0.00183389718359,1.69447945907,1.66534465443
0.00191327063586,1.70784597718,1.68014838283
0.00199607947424,1.7208352175,1.69488657159
0.00208247238671,1.73345474691,1.70955167073
0.00217260449666,1.74571275914,1.72413277258
0.0022666376414,1.75761783782,1.73861580833
0.00236474066279,1.76917870396,1.75298380116
0.00246708971038,1.78040395741,1.76721716708
0.00257386855769,1.7913018223,1.78129405398
0.00268526893222,1.80187990712,1.7951907096
0.00280149085966,1.81214498982,1.80888186937
0.00292274302309,1.8221028374,1.8223411562
0.00304924313766,1.83175806848,1.83554148488
0.0031812183415,1.84111406531,1.84845546526
0.00331890560359,1.8501729399,1.86105579923
0.00346255214924,1.85893555641,1.87331566756
0.00361241590398,1.8674016095,1.88520910343
0.00376876595668,1.87556975611,1.89671135004
0.00393188304276,1.88343779536,1.90779919987
0.00410206004821,1.89100288975,1.91845131334
0.00427960253551,1.89826181873,1.9286485143
0.00446482929228,1.90521125455,1.93837405952
0.00465807290368,1.9118480497,1.94761387924
0.0048596803496,1.91816952484,1.95635678501
0.00507001362766,1.92417374643,1.96459464145
0.00528945040321,1.92985978406,1.97232249788
0.00551838468745,1.9352279385,1.97953867645
0.00575722754488,1.94027993313,1.98624481318
0.00600640783143,1.94501906271,1.99244584948
0.00626637296445,1.94945029564,1.99814997208
0.00653758972612,1.95358032731,2.0033685007
0.00682054510153,1.95741758412,2.00811572372
0.00711574715314,1.96097217917,2.01240868374
0.007423725933,1.96425582231,2.01626691615
0.0077450344345,1.96728168843,2.01971214553
0.00808024958531,1.97006424888,2.02276794596
0.00842997328328,1.97261907208,2.02545937266
0.00879483347718,1.97496259976,2.02781257375
0.00917548529421,1.97711190598,2.02985439128
0.00957261221633,1.97908444636,2.03161196187
0.00998692730749,1.98089780484,2.03311232698
0.010419174494,1.98256944539,2.0343820628
0.0108701299002,1.98411647557,2.03544693918
0.0113406032421,1.98555542819,2.03633161584
0.0118314392814,1.98690206673,2.03705938278
0.0123435193421,1.98817121885,2.03765194999
0.0128777628929,1.98937664137,2.03812928982
0.0134351291986,1.9905309188,2.03850953293
0.014016619042,1.99164539597,2.03880891715
0.0146232765212,1.99273014407,2.03904178605
0.0152561909241,1.99379395828,2.03922063271
0.0159164986845,1.99484438382,2.0393561825
0.0166053854224,1.99588776649,2.03945750764
0.0173240880732,1.99692932308,2.03953216572
0.0180738971083,1.99797322677,2.03958635427
0.0188561588524,1.99902270234,2.03962507356
0.019672277901,2.00008012648,2.0396522907
0.020523719642,2.00114712879,2.03967109886
0.0214120128876,2.00222468964,2.03968386674
0.0223387526187,2.00331323206,2.03969237471
0.0233056028492,2.0044127054,2.0396979353
0.0243142996135,2.00552265947,2.03970149686
0.0253666540841,2.00664230871,2.03970373046
0.0264645558231,2.00777058633,2.03970510078
0.0276099761755,2.00890618928,2.03970592241
0.0288049718087,2.01004761499,2.0397064034
0.0300516884051,2.01119319103,2.03970667805
0.0313523645152,2.01234109935,2.03970683083
0.0327093355768,2.01348939617,2.03970691356
0.0341250381087,2.01463602889,2.03970695709
0.0356020140851,2.01577885118,2.03970697934
0.0371429155003,2.01691563707,2.03970699036
0.0387505091303,2.01804409484,2.03970699565
0.0404276815008,2.01916188125,2.0397069981
0.0421774440701,2.02026661647,2.0397069992
0.0440029386362,2.02135590001,2.03970699968
0.0459074429785,2.02242732775,2.03970699987
0.0478943767425,2.02347851006,2.03970699995
0.0499673075808,2.02450709103,2.03970699998
0.0521299575584,2.02551076865,2.03970699999
0.0543862098362,2.02648731569,2.039707
0.0567401156434,2.02743460125,2.039707
0.0591959015516,2.02835061237,2.039707
0.0617579770639,2.02923347572,2.039707
0.0644309425323,2.03008147878,2.039707
0.0672195974183,2.03089309015,2.039707
0.0701289489101,2.03166697873,2.039707
0.0731642209136,2.03240203106,2.039707
0.0763308634321,2.03309736667,2.039707
0.0796345623522,2.03375235084,2.039707
0.0830812496529,2.0343666044,2.039707
0.0866771140571,2.03494001022,2.039707
0.0904286121435,2.03547271602,2.039707
0.0943424799402,2.03596513339,2.039707
0.0984257450191,2.03641793257,2.039707
0.102685739115,2.03683203325,2.039707
0.107130111288,2.03720859109,2.039707
0.111766841662,2.03754898041,2.039707
0.11660425575,2.03785477304,2.039707
0.121651039403,2.03812771386,2.039707
0.126916254408,2.03836969356,2.039707
0.132409354758,2.03858271907,2.039707
0.138140203627,2.03876888249,2.039707
0.144119091078,2.03893032922,2.039707
0.150356752545,2.03906922609,2.039707
0.156864388103,2.03918773035,2.039707
0.16365368258,2.03928796023,2.039707
0.170736826542,2.03937196789,2.039707
0.178126538175,2.03944171541,2.039707
0.185836086126,2.03949905427,2.039707
0.193879313327,2.03954570888,2.039707
0.20227066185,2.03958326423,2.039707
0.211025198836,2.03961315789,2.039707
0.220158643555,2.03963667621,2.039707
0.229687395625,2.03965495442,2.039707
0.239628564462,2.03966898038,2.039707
0.25,2.03967960135,2.039707
