tempo_s,degrau_analitico_c,degrau_zoh_c,relaxacao_analitica_c,relaxacao_zoh_c,pulso_analitico_c,pulso_zoh_c,potencia_degrau_w,potencia_pulso_w
0,25,25,45.39707,45.39707,25,25,10,10
0.0005,36.224697723,36.224697723,34.172372277,34.172372277,36.224697723,36.224697723,10,10
0.001,39.424158518,39.424158518,30.972911482,30.972911482,39.424158518,39.424158518,10,10
0.0015,40.942563879,40.942563879,29.454506121,29.454506121,40.942563879,40.942563879,10,10
0.002,41.9556739556,41.9556739556,28.4413960444,28.4413960444,41.9556739556,41.9556739556,10,10
0.0025,42.7163762955,42.7163762955,27.6806937045,27.6806937045,42.7163762955,42.7163762955,10,10
0.003,43.3050159818,43.3050159818,27.0920540182,27.0920540182,43.3050159818,43.3050159818,10,10
0.0035,43.763708617,43.763708617,26.633361383,26.633361383,43.763708617,43.763708617,10,10
0.004,44.1217090675,44.1217090675,26.2753609325,26.2753609325,44.1217090675,44.1217090675,10,10
0.0045,44.4012214867,44.4012214867,25.9958485133,25.9958485133,44.4012214867,44.4012214867,10,10
0.005,44.6194712453,44.6194712453,25.7775987547,25.7775987547,44.6194712453,44.6194712453,10,10
0.0055,44.7898888106,44.7898888106,25.6071811894,25.6071811894,44.7898888106,44.7898888106,10,10
0.006,44.9229577597,44.9229577597,25.4741122403,25.4741122403,44.9229577597,44.9229577597,10,10
0.0065,45.0268634902,45.0268634902,25.3702065098,25.3702065098,45.0268634902,45.0268634902,10,10
0.007,45.1079973923,45.1079973923,25.2890726077,25.2890726077,45.1079973923,45.1079973923,10,10
0.0075,45.1713501098,45.1713501098,25.2257198902,25.2257198902,45.1713501098,45.1713501098,10,10
0.008,45.220818541,45.220818541,25.176251459,25.176251459,45.220818541,45.220818541,10,10
0.0085,45.2594455453,45.2594455453,25.1376244547,25.1376244547,45.2594455453,45.2594455453,10,10
0.009,45.2896071135,45.2896071135,25.1074628865,25.1074628865,45.2896071135,45.2896071135,10,10
0.0095,45.3131585179,45.3131585179,25.0839114821,25.0839114821,45.3131585179,45.3131585179,10,10
0.01,45.3315484319,45.3315484319,25.0655215681,25.0655215681,45.3315484319,45.3315484319,10,10
0.0105,45.3459080401,45.3459080401,25.0511619599,25.0511619599,45.3459080401,45.3459080401,10,10
0.011,45.3571206182,45.3571206182,25.0399493818,25.0399493818,45.3571206182,45.3571206182,10,10
0.0115,45.3658758645,45.3658758645,25.0311941355,25.0311941355,45.3658758645,45.3658758645,10,10
0.012,45.3727123243,45.3727123243,25.0243576757,25.0243576757,45.3727123243,45.3727123243,10,10
0.0125,45.3780505158,45.3780505158,25.0190194842,25.0190194842,45.3780505158,45.3780505158,10,10
0.013,45.3822187973,45.3822187973,25.0148512027,25.0148512027,45.3822187973,45.3822187973,10,10
0.0135,45.3854735645,45.3854735645,25.0115964355,25.0115964355,45.3854735645,45.3854735645,10,10
0.014,45.3880150219,45.3880150219,25.0090549781,25.0090549781,45.3880150219,45.3880150219,10,10
0.0145,45.3899994972,45.3899994972,25.0070705028,25.0070705028,45.3899994972,45.3899994972,10,10
0.015,45.391549058,45.391549058,25.005520942,25.005520942,45.391549058,45.391549058,10,10
0.0155,45.3927590193,45.3927590193,25.0043109807,25.0043109807,45.3927590193,45.3927590193,10,10
0.016,45.3937038073,45.3937038073,25.0033661927,25.0033661927,45.3937038073,45.3937038073,10,10
0.0165,45.3944415371,45.3944415371,25.0026284629,25.0026284629,45.3944415371,45.3944415371,10,10
0.017,45.395017587,45.395017587,25.002052413,25.002052413,45.395017587,45.395017587,10,10
0.0175,45.3954673908,45.3954673908,25.0016026092,25.0016026092,45.3954673908,45.3954673908,10,10
0.018,45.3958186162,45.3958186162,25.0012513838,25.0012513838,45.3958186162,45.3958186162,10,10
0.0185,45.3960928676,45.3960928676,25.0009771324,25.0009771324,45.3960928676,45.3960928676,10,10
0.019,45.3963070145,45.3963070145,25.0007629855,25.0007629855,45.3963070145,45.3963070145,10,10
0.0195,45.3964742292,45.3964742292,25.0005957708,25.0005957708,45.3964742292,45.3964742292,10,10
0.02,45.3966047974,45.3966047974,25.0004652026,25.0004652026,45.3966047974,45.3966047974,10,10
0.0205,45.3967067505,45.3967067505,25.0003632495,25.0003632495,45.3967067505,45.3967067505,10,10
0.021,45.3967863597,45.3967863597,25.0002836403,25.0002836403,45.3967863597,45.3967863597,10,10
0.0215,45.3968485219,45.3968485219,25.0002214781,25.0002214781,45.3968485219,45.3968485219,10,10
0.022,45.3968970607,45.3968970607,25.0001729393,25.0001729393,45.3968970607,45.3968970607,10,10
0.0225,45.3969349618,45.3969349618,25.0001350382,25.0001350382,45.3969349618,45.3969349618,10,10
0.023,45.3969645566,45.3969645566,25.0001054434,25.0001054434,45.3969645566,45.3969645566,10,10
0.0235,45.3969876654,45.3969876654,25.0000823346,25.0000823346,45.3969876654,45.3969876654,10,10
0.024,45.3970057097,45.3970057097,25.0000642903,25.0000642903,45.3970057097,45.3970057097,10,10
0.0245,45.3970197995,45.3970197995,25.0000502005,25.0000502005,45.3970197995,45.3970197995,10,10
0.025,45.3970308014,45.3970308014,25.0000391986,25.0000391986,45.3970308014,45.3970308014,10,10
0.0255,45.3970393921,45.3970393921,25.0000306079,25.0000306079,45.3970393921,45.3970393921,10,10
0.026,45.3970461001,45.3970461001,25.0000238999,25.0000238999,45.3970461001,45.3970461001,10,10
0.0265,45.3970513379,45.3970513379,25.0000186621,25.0000186621,45.3970513379,45.3970513379,10,10
0.027,45.3970554279,45.3970554279,25.0000145721,25.0000145721,45.3970554279,45.3970554279,10,10
0.0275,45.3970586215,45.3970586215,25.0000113785,25.0000113785,45.3970586215,45.3970586215,10,10
0.028,45.3970611152,45.3970611152,25.0000088848,25.0000088848,45.3970611152,45.3970611152,10,10
0.0285,45.3970630624,45.3970630624,25.0000069376,25.0000069376,45.3970630624,45.3970630624,10,10
0.029,45.3970645828,45.3970645828,25.0000054172,25.0000054172,45.3970645828,45.3970645828,10,10
0.0295,45.39706577,45.39706577,25.00000423,25.00000423,45.39706577,45.39706577,10,10
0.03,45.3970666971,45.3970666971,25.0000033029,25.0000033029,45.3970666971,45.3970666971,10,10
0.0305,45.3970674209,45.3970674209,25.0000025791,25.0000025791,45.3970674209,45.3970674209,10,10
0.031,45.3970679862,45.3970679862,25.0000020138,25.0000020138,45.3970679862,45.3970679862,10,10
0.0315,45.3970684275,45.3970684275,25.0000015725,25.0000015725,45.3970684275,45.3970684275,10,10
0.032,45.3970687721,45.3970687721,25.0000012279,25.0000012279,45.3970687721,45.3970687721,10,10
0.0325,45.3970690412,45.3970690412,25.0000009588,25.0000009588,45.3970690412,45.3970690412,10,10
0.033,45.3970692514,45.3970692514,25.0000007486,25.0000007486,45.3970692514,45.3970692514,10,10
0.0335,45.3970694154,45.3970694154,25.0000005846,25.0000005846,45.3970694154,45.3970694154,10,10
0.034,45.3970695435,45.3970695435,25.0000004565,25.0000004565,45.3970695435,45.3970695435,10,10
0.0345,45.3970696436,45.3970696436,25.0000003564,25.0000003564,45.3970696436,45.3970696436,10,10
0.035,45.3970697217,45.3970697217,25.0000002783,25.0000002783,45.3970697217,45.3970697217,10,10
0.0355,45.3970697827,45.3970697827,25.0000002173,25.0000002173,45.3970697827,45.3970697827,10,10
0.036,45.3970698303,45.3970698303,25.0000001697,25.0000001697,45.3970698303,45.3970698303,10,10
0.0365,45.3970698675,45.3970698675,25.0000001325,25.0000001325,45.3970698675,45.3970698675,10,10
0.037,45.3970698965,45.3970698965,25.0000001035,25.0000001035,45.3970698965,45.3970698965,10,10
0.0375,45.3970699192,45.3970699192,25.0000000808,25.0000000808,45.3970699192,45.3970699192,10,10
0.038,45.3970699369,45.3970699369,25.0000000631,25.0000000631,45.3970699369,45.3970699369,10,10
0.0385,45.3970699507,45.3970699507,25.0000000493,25.0000000493,45.3970699507,45.3970699507,10,10
0.039,45.3970699615,45.3970699615,25.0000000385,25.0000000385,45.3970699615,45.3970699615,10,10
0.0395,45.39706997,45.39706997,25.00000003,25.00000003,45.39706997,45.39706997,10,10
0.04,45.3970699765,45.3970699765,25.0000000235,25.0000000235,45.3970699765,45.3970699765,10,10
0.0405,45.3970699817,45.3970699817,25.0000000183,25.0000000183,45.3970699817,45.3970699817,10,10
0.041,45.3970699857,45.3970699857,25.0000000143,25.0000000143,45.3970699857,45.3970699857,10,10
0.0415,45.3970699888,45.3970699888,25.0000000112,25.0000000112,45.3970699888,45.3970699888,10,10
0.042,45.3970699913,45.3970699913,25.0000000087,25.0000000087,45.3970699913,45.3970699913,10,10
0.0425,45.3970699932,45.3970699932,25.0000000068,25.0000000068,45.3970699932,45.3970699932,10,10
0.043,45.3970699947,45.3970699947,25.0000000053,25.0000000053,45.3970699947,45.3970699947,10,10
0.0435,45.3970699958,45.3970699958,25.0000000042,25.0000000042,45.3970699958,45.3970699958,10,10
0.044,45.3970699968,45.3970699968,25.0000000032,25.0000000032,45.3970699968,45.3970699968,10,10
0.0445,45.3970699975,45.3970699975,25.0000000025,25.0000000025,45.3970699975,45.3970699975,10,10
0.045,45.397069998,45.397069998,25.000000002,25.000000002,45.397069998,45.397069998,10,10
0.0455,45.3970699985,45.3970699985,25.0000000015,25.0000000015,45.3970699985,45.3970699985,10,10
0.046,45.3970699988,45.3970699988,25.0000000012,25.0000000012,45.3970699988,45.3970699988,10,10
0.0465,45.3970699991,45.3970699991,25.0000000009,25.0000000009,45.3970699991,45.3970699991,10,10
0.047,45.3970699993,45.3970699993,25.0000000007,25.0000000007,45.3970699993,45.3970699993,10,10
0.0475,45.3970699994,45.3970699994,25.0000000006,25.0000000006,45.3970699994,45.3970699994,10,10
0.048,45.3970699996,45.3970699996,25.0000000004,25.0000000004,45.3970699996,45.3970699996,10,10
0.0485,45.3970699997,45.3970699997,25.0000000003,25.0000000003,45.3970699997,45.3970699997,10,10
0.049,45.3970699997,45.3970699997,25.0000000003,25.0000000003,45.3970699997,45.3970699997,10,10
0.0495,45.3970699998,45.3970699998,25.0000000002,25.0000000002,45.3970699998,45.3970699998,10,10
0.05,45.3970699998,45.3970699998,25.0000000002,25.0000000002,45.3970699998,45.3970699998,10,0
0.0505,45.3970699999,45.3970699999,25.0000000001,25.0000000001,34.1723722769,34.1723722769,10,0
0.051,45.3970699999,45.3970699999,25.0000000001,25.0000000001,30.9729114819,30.9729114819,10,0
0.0515,45.3970699999,45.3970699999,25.0000000001,25.0000000001,29.4545061209,29.4545061209,10,0
0.052,45.3970699999,45.3970699999,25.0000000001,25.0000000001,28.4413960443,28.4413960443,10,0
0.0525,45.39707,45.39707,25,25,27.6806937045,27.6806937045,10,0
0.053,45.39707,45.39707,25,25,27.0920540182,27.0920540182,10,0
0.0535,45.39707,45.39707,25,25,26.633361383,26.633361383,10,0
0.054,45.39707,45.39707,25,25,26.2753609325,26.2753609325,10,0
0.0545,45.39707,45.39707,25,25,25.9958485133,25.9958485133,10,0
0.055,45.39707,45.39707,25,25,25.7775987546,25.7775987546,10,0
0.0555,45.39707,45.39707,25,25,25.6071811893,25.6071811893,10,0
0.056,45.39707,45.39707,25,25,25.4741122403,25.4741122403,10,0
0.0565,45.39707,45.39707,25,25,25.3702065098,25.3702065098,10,0
0.057,45.39707,45.39707,25,25,25.2890726076,25.2890726076,10,0
0.0575,45.39707,45.39707,25,25,25.2257198901,25.2257198901,10,0
0.058,45.39707,45.39707,25,25,25.176251459,25.176251459,10,0
0.0585,45.39707,45.39707,25,25,25.1376244547,25.1376244547,10,0
0.059,45.39707,45.39707,25,25,25.1074628865,25.1074628865,10,0
0.0595,45.39707,45.39707,25,25,25.0839114821,25.0839114821,10,0
0.06,45.39707,45.39707,25,25,25.0655215681,25.0655215681,10,0
0.0605,45.39707,45.39707,25,25,25.0511619599,25.0511619599,10,0
0.061,45.39707,45.39707,25,25,25.0399493818,25.0399493818,10,0
0.0615,45.39707,45.39707,25,25,25.0311941355,25.0311941355,10,0
0.062,45.39707,45.39707,25,25,25.0243576757,25.0243576757,10,0
0.0625,45.39707,45.39707,25,25,25.0190194842,25.0190194842,10,0
0.063,45.39707,45.39707,25,25,25.0148512027,25.0148512027,10,0
0.0635,45.39707,45.39707,25,25,25.0115964355,25.0115964355,10,0
0.064,45.39707,45.39707,25,25,25.0090549781,25.0090549781,10,0
0.0645,45.39707,45.39707,25,25,25.0070705028,25.0070705028,10,0
0.065,45.39707,45.39707,25,25,25.005520942,25.005520942,10,0
0.0655,45.39707,45.39707,25,25,25.0043109807,25.0043109807,10,0
0.066,45.39707,45.39707,25,25,25.0033661927,25.0033661927,10,0
0.0665,45.39707,45.39707,25,25,25.0026284629,25.0026284629,10,0
0.067,45.39707,45.39707,25,25,25.002052413,25.002052413,10,0
0.0675,45.39707,45.39707,25,25,25.0016026092,25.0016026092,10,0
0.068,45.39707,45.39707,25,25,25.0012513838,25.0012513838,10,0
0.0685,45.39707,45.39707,25,25,25.0009771324,25.0009771324,10,0
0.069,45.39707,45.39707,25,25,25.0007629855,25.0007629855,10,0
0.0695,45.39707,45.39707,25,25,25.0005957708,25.0005957708,10,0
0.07,45.39707,45.39707,25,25,25.0004652026,25.0004652026,10,0
0.0705,45.39707,45.39707,25,25,25.0003632495,25.0003632495,10,0
0.071,45.39707,45.39707,25,25,25.0002836403,25.0002836403,10,0
0.0715,45.39707,45.39707,25,25,25.0002214781,25.0002214781,10,0
0.072,45.39707,45.39707,25,25,25.0001729393,25.0001729393,10,0
0.0725,45.39707,45.39707,25,25,25.0001350382,25.0001350382,10,0
0.073,45.39707,45.39707,25,25,25.0001054434,25.0001054434,10,0
0.0735,45.39707,45.39707,25,25,25.0000823346,25.0000823346,10,0
0.074,45.39707,45.39707,25,25,25.0000642903,25.0000642903,10,0
0.0745,45.39707,45.39707,25,25,25.0000502005,25.0000502005,10,0
0.075,45.39707,45.39707,25,25,25.0000391986,25.0000391986,10,0
0.0755,45.39707,45.39707,25,25,25.0000306079,25.0000306079,10,0
0.076,45.39707,45.39707,25,25,25.0000238999,25.0000238999,10,0
0.0765,45.39707,45.39707,25,25,25.0000186621,25.0000186621,10,0
0.077,45.39707,45.39707,25,25,25.0000145721,25.0000145721,10,0
0.0775,45.39707,45.39707,25,25,25.0000113785,25.0000113785,10,0
0.078,45.39707,45.39707,25,25,25.0000088848,25.0000088848,10,0
0.0785,45.39707,45.39707,25,25,25.0000069376,25.0000069376,10,0
0.079,45.39707,45.39707,25,25,25.0000054172,25.0000054172,10,0
0.0795,45.39707,45.39707,25,25,25.00000423,25.00000423,10,0
0.08,45.39707,45.39707,25,25,25.0000033029,25.0000033029,10,0
0.0805,45.39707,45.39707,25,25,25.0000025791,25.0000025791,10,0
0.081,45.39707,45.39707,25,25,25.0000020138,25.0000020138,10,0
0.0815,45.39707,45.39707,25,25,25.0000015725,25.0000015725,10,0
0.082,45.39707,45.39707,25,25,25.0000012279,25.0000012279,10,0
0.0825,45.39707,45.39707,25,25,25.0000009588,25.0000009588,10,0
0.083,45.39707,45.39707,25,25,25.0000007486,25.0000007486,10,0
0.0835,45.39707,45.39707,25,25,25.0000005846,25.0000005846,10,0
0.084,45.39707,45.39707,25,25,25.0000004565,25.0000004565,10,0
0.0845,45.39707,45.39707,25,25,25.0000003564,25.0000003564,10,0
0.085,45.39707,45.39707,25,25,25.0000002783,25.0000002783,10,0
0.0855,45.39707,45.39707,25,25,25.0000002173,25.0000002173,10,0
0.086,45.39707,45.39707,25,25,25.0000001697,25.0000001697,10,0
0.0865,45.39707,45.39707,25,25,25.0000001325,25.0000001325,10,0
0.087,45.39707,45.39707,25,25,25.0000001035,25.0000001035,10,0
0.0875,45.39707,45.39707,25,25,25.0000000808,25.0000000808,10,0
0.088,45.39707,45.39707,25,25,25.0000000631,25.0000000631,10,0
0.0885,45.39707,45.39707,25,25,25.0000000493,25.0000000493,10,0
0.089,45.39707,45.39707,25,25,25.0000000385,25.0000000385,10,0
0.0895,45.39707,45.39707,25,25,25.00000003,25.00000003,10,0
0.09,45.39707,45.39707,25,25,25.0000000235,25.0000000235,10,0
0.0905,45.39707,45.39707,25,25,25.0000000183,25.0000000183,10,0
0.091,45.39707,45.39707,25,25,25.0000000143,25.0000000143,10,0
0.0915,45.39707,45.39707,25,25,25.0000000112,25.0000000112,10,0
0.092,45.39707,45.39707,25,25,25.0000000087,25.0000000087,10,0
0.0925,45.39707,45.39707,25,25,25.0000000068,25.0000000068,10,0
0.093,45.39707,45.39707,25,25,25.0000000053,25.0000000053,10,0
0.0935,45.39707,45.39707,25,25,25.0000000042,25.0000000042,10,0
0.094,45.39707,45.39707,25,25,25.0000000032,25.0000000032,10,0
0.0945,45.39707,45.39707,25,25,25.0000000025,25.0000000025,10,0
0.095,45.39707,45.39707,25,25,25.000000002,25.000000002,10,0
0.0955,45.39707,45.39707,25,25,25.0000000015,25.0000000015,10,0
0.096,45.39707,45.39707,25,25,25.0000000012,25.0000000012,10,0
0.0965,45.39707,45.39707,25,25,25.0000000009,25.0000000009,10,0
0.097,45.39707,45.39707,25,25,25.0000000007,25.0000000007,10,0
0.0975,45.39707,45.39707,25,25,25.0000000006,25.0000000006,10,0
0.098,45.39707,45.39707,25,25,25.0000000004,25.0000000004,10,0
0.0985,45.39707,45.39707,25,25,25.0000000003,25.0000000003,10,0
0.099,45.39707,45.39707,25,25,25.0000000003,25.0000000003,10,0
0.0995,45.39707,45.39707,25,25,25.0000000002,25.0000000002,10,0
0.1,45.39707,45.39707,25,25,25.0000000002,25.0000000002,10,0
0.1005,45.39707,45.39707,25,25,25.0000000001,25.0000000001,10,0
0.101,45.39707,45.39707,25,25,25.0000000001,25.0000000001,10,0
0.1015,45.39707,45.39707,25,25,25.0000000001,25.0000000001,10,0
0.102,45.39707,45.39707,25,25,25.0000000001,25.0000000001,10,0
0.1025,45.39707,45.39707,25,25,25,25,10,0
0.103,45.39707,45.39707,25,25,25,25,10,0
0.1035,45.39707,45.39707,25,25,25,25,10,0
0.104,45.39707,45.39707,25,25,25,25,10,0
0.1045,45.39707,45.39707,25,25,25,25,10,0
0.105,45.39707,45.39707,25,25,25,25,10,0
0.1055,45.39707,45.39707,25,25,25,25,10,0
0.106,45.39707,45.39707,25,25,25,25,10,0
0.1065,45.39707,45.39707,25,25,25,25,10,0
0.107,45.39707,45.39707,25,25,25,25,10,0
0.1075,45.39707,45.39707,25,25,25,25,10,0
0.108,45.39707,45.39707,25,25,25,25,10,0
0.1085,45.39707,45.39707,25,25,25,25,10,0
0.109,45.39707,45.39707,25,25,25,25,10,0
0.1095,45.39707,45.39707,25,25,25,25,10,0
0.11,45.39707,45.39707,25,25,25,25,10,0
0.1105,45.39707,45.39707,25,25,25,25,10,0
0.111,45.39707,45.39707,25,25,25,25,10,0
0.1115,45.39707,45.39707,25,25,25,25,10,0
0.112,45.39707,45.39707,25,25,25,25,10,0
0.1125,45.39707,45.39707,25,25,25,25,10,0
0.113,45.39707,45.39707,25,25,25,25,10,0
0.1135,45.39707,45.39707,25,25,25,25,10,0
0.114,45.39707,45.39707,25,25,25,25,10,0
0.1145,45.39707,45.39707,25,25,25,25,10,0
0.115,45.39707,45.39707,25,25,25,25,10,0
0.1155,45.39707,45.39707,25,25,25,25,10,0
0.116,45.39707,45.39707,25,25,25,25,10,0
0.1165,45.39707,45.39707,25,25,25,25,10,0
0.117,45.39707,45.39707,25,25,25,25,10,0
0.1175,45.39707,45.39707,25,25,25,25,10,0
0.118,45.39707,45.39707,25,25,25,25,10,0
0.1185,45.39707,45.39707,25,25,25,25,10,0
0.119,45.39707,45.39707,25,25,25,25,10,0
0.1195,45.39707,45.39707,25,25,25,25,10,0
0.12,45.39707,45.39707,25,25,25,25,10,0
0.1205,45.39707,45.39707,25,25,25,25,10,0
0.121,45.39707,45.39707,25,25,25,25,10,0
0.1215,45.39707,45.39707,25,25,25,25,10,0
0.122,45.39707,45.39707,25,25,25,25,10,0
0.1225,45.39707,45.39707,25,25,25,25,10,0
0.123,45.39707,45.39707,25,25,25,25,10,0
0.1235,45.39707,45.39707,25,25,25,25,10,0
0.124,45.39707,45.39707,25,25,25,25,10,0
0.1245,45.39707,45.39707,25,25,25,25,10,0
0.125,45.39707,45.39707,25,25,25,25,10,0
0.1255,45.39707,45.39707,25,25,25,25,10,0
0.126,45.39707,45.39707,25,25,25,25,10,0
0.1265,45.39707,45.39707,25,25,25,25,10,0
0.127,45.39707,45.39707,25,25,25,25,10,0
0.1275,45.39707,45.39707,25,25,25,25,10,0
0.128,45.39707,45.39707,25,25,25,25,10,0
0.1285,45.39707,45.39707,25,25,25,25,10,0
0.129,45.39707,45.39707,25,25,25,25,10,0
0.1295,45.39707,45.39707,25,25,25,25,10,0
0.13,45.39707,45.39707,25,25,25,25,10,0
0.1305,45.39707,45.39707,25,25,25,25,10,0
0.131,45.39707,45.39707,25,25,25,25,10,0
0.1315,45.39707,45.39707,25,25,25,25,10,0
0.132,45.39707,45.39707,25,25,25,25,10,0
0.1325,45.39707,45.39707,25,25,25,25,10,0
0.133,45.39707,45.39707,25,25,25,25,10,0
0.1335,45.39707,45.39707,25,25,25,25,10,0
0.134,45.39707,45.39707,25,25,25,25,10,0
0.1345,45.39707,45.39707,25,25,25,25,10,0
0.135,45.39707,45.39707,25,25,25,25,10,0
0.1355,45.39707,45.39707,25,25,25,25,10,0
0.136,45.39707,45.39707,25,25,25,25,10,0
0.1365,45.39707,45.39707,25,25,25,25,10,0
0.137,45.39707,45.39707,25,25,25,25,10,0
0.1375,45.39707,45.39707,25,25,25,25,10,0
0.138,45.39707,45.39707,25,25,25,25,10,0
0.1385,45.39707,45.39707,25,25,25,25,10,0
0.139,45.39707,45.39707,25,25,25,25,10,0
0.1395,45.39707,45.39707,25,25,25,25,10,0
0.14,45.39707,45.39707,25,25,25,25,10,0
0.1405,45.39707,45.39707,25,25,25,25,10,0
0.141,45.39707,45.39707,25,25,25,25,10,0
0.1415,45.39707,45.39707,25,25,25,25,10,0
0.142,45.39707,45.39707,25,25,25,25,10,0
0.1425,45.39707,45.39707,25,25,25,25,10,0
0.143,45.39707,45.39707,25,25,25,25,10,0
0.1435,45.39707,45.39707,25,25,25,25,10,0
0.144,45.39707,45.39707,25,25,25,25,10,0
0.1445,45.39707,45.39707,25,25,25,25,10,0
0.145,45.39707,45.39707,25,25,25,25,10,0
0.1455,45.39707,45.39707,25,25,25,25,10,0
0.146,45.39707,45.39707,25,25,25,25,10,0
0.1465,45.39707,45.39707,25,25,25,25,10,0
0.147,45.39707,45.39707,25,25,25,25,10,0
0.1475,45.39707,45.39707,25,25,25,25,10,0
0.148,45.39707,45.39707,25,25,25,25,10,0
0.1485,45.39707,45.39707,25,25,25,25,10,0
0.149,45.39707,45.39707,25,25,25,25,10,0
0.1495,45.39707,45.39707,25,25,25,25,10,0
0.15,45.39707,45.39707,25,25,25,25,10,0
0.1505,45.39707,45.39707,25,25,25,25,10,0
0.151,45.39707,45.39707,25,25,25,25,10,0
0.1515,45.39707,45.39707,25,25,25,25,10,0
0.152,45.39707,45.39707,25,25,25,25,10,0
0.1525,45.39707,45.39707,25,25,25,25,10,0
0.153,45.39707,45.39707,25,25,25,25,10,0
0.1535,45.39707,45.39707,25,25,25,25,10,0
0.154,45.39707,45.39707,25,25,25,25,10,0
0.1545,45.39707,45.39707,25,25,25,25,10,0
0.155,45.39707,45.39707,25,25,25,25,10,0
0.1555,45.39707,45.39707,25,25,25,25,10,0
0.156,45.39707,45.39707,25,25,25,25,10,0
0.1565,45.39707,45.39707,25,25,25,25,10,0
0.157,45.39707,45.39707,25,25,25,25,10,0
0.1575,45.39707,45.39707,25,25,25,25,10,0
0.158,45.39707,45.39707,25,25,25,25,10,0
0.1585,45.39707,45.39707,25,25,25,25,10,0
0.159,45.39707,45.39707,25,25,25,25,10,0
0.1595,45.39707,45.39707,25,25,25,25,10,0
0.16,45.39707,45.39707,25,25,25,25,10,0
0.1605,45.39707,45.39707,25,25,25,25,10,0
0.161,45.39707,45.39707,25,25,25,25,10,0
0.1615,45.39707,45.39707,25,25,25,25,10,0
0.162,45.39707,45.39707,25,25,25,25,10,0
0.1625,45.39707,45.39707,25,25,25,25,10,0
0.163,45.39707,45.39707,25,25,25,25,10,0
0.1635,45.39707,45.39707,25,25,25,25,10,0
0.164,45.39707,45.39707,25,25,25,25,10,0
0.1645,45.39707,45.39707,25,25,25,25,10,0
0.165,45.39707,45.39707,25,25,25,25,10,0
0.1655,45.39707,45.39707,25,25,25,25,10,0
0.166,45.39707,45.39707,25,25,25,25,10,0
0.1665,45.39707,45.39707,25,25,25,25,10,0
0.167,45.39707,45.39707,25,25,25,25,10,0
0.1675,45.39707,45.39707,25,25,25,25,10,0
0.168,45.39707,45.39707,25,25,25,25,10,0
0.1685,45.39707,45.39707,25,25,25,25,10,0
0.169,45.39707,45.39707,25,25,25,25,10,0
0.1695,45.39707,45.39707,25,25,25,25,10,0
0.17,45.39707,45.39707,25,25,25,25,10,0
0.1705,45.39707,45.39707,25,25,25,25,10,0
0.171,45.39707,45.39707,25,25,25,25,10,0
0.1715,45.39707,45.39707,25,25,25,25,10,0
0.172,45.39707,45.39707,25,25,25,25,10,0
0.1725,45.39707,45.39707,25,25,25,25,10,0
0.173,45.39707,45.39707,25,25,25,25,10,0
0.1735,45.39707,45.39707,25,25,25,25,10,0
0.174,45.39707,45.39707,25,25,25,25,10,0
0.1745,45.39707,45.39707,25,25,25,25,10,0
0.175,45.39707,45.39707,25,25,25,25,10,0
0.1755,45.39707,45.39707,25,25,25,25,10,0
0.176,45.39707,45.39707,25,25,25,25,10,0
0.1765,45.39707,45.39707,25,25,25,25,10,0
0.177,45.39707,45.39707,25,25,25,25,10,0
0.1775,45.39707,45.39707,25,25,25,25,10,0
0.178,45.39707,45.39707,25,25,25,25,10,0
0.1785,45.39707,45.39707,25,25,25,25,10,0
0.179,45.39707,45.39707,25,25,25,25,10,0
0.1795,45.39707,45.39707,25,25,25,25,10,0
0.18,45.39707,45.39707,25,25,25,25,10,0
0.1805,45.39707,45.39707,25,25,25,25,10,0
0.181,45.39707,45.39707,25,25,25,25,10,0
0.1815,45.39707,45.39707,25,25,25,25,10,0
0.182,45.39707,45.39707,25,25,25,25,10,0
0.1825,45.39707,45.39707,25,25,25,25,10,0
0.183,45.39707,45.39707,25,25,25,25,10,0
0.1835,45.39707,45.39707,25,25,25,25,10,0
0.184,45.39707,45.39707,25,25,25,25,10,0
0.1845,45.39707,45.39707,25,25,25,25,10,0
0.185,45.39707,45.39707,25,25,25,25,10,0
0.1855,45.39707,45.39707,25,25,25,25,10,0
0.186,45.39707,45.39707,25,25,25,25,10,0
0.1865,45.39707,45.39707,25,25,25,25,10,0
0.187,45.39707,45.39707,25,25,25,25,10,0
0.1875,45.39707,45.39707,25,25,25,25,10,0
0.188,45.39707,45.39707,25,25,25,25,10,0
0.1885,45.39707,45.39707,25,25,25,25,10,0
0.189,45.39707,45.39707,25,25,25,25,10,0
0.1895,45.39707,45.39707,25,25,25,25,10,0
0.19,45.39707,45.39707,25,25,25,25,10,0
0.1905,45.39707,45.39707,25,25,25,25,10,0
0.191,45.39707,45.39707,25,25,25,25,10,0
0.1915,45.39707,45.39707,25,25,25,25,10,0
0.192,45.39707,45.39707,25,25,25,25,10,0
0.1925,45.39707,45.39707,25,25,25,25,10,0
0.193,45.39707,45.39707,25,25,25,25,10,0
0.1935,45.39707,45.39707,25,25,25,25,10,0
0.194,45.39707,45.39707,25,25,25,25,10,0
0.1945,45.39707,45.39707,25,25,25,25,10,0
0.195,45.39707,45.39707,25,25,25,25,10,0
0.1955,45.39707,45.39707,25,25,25,25,10,0
0.196,45.39707,45.39707,25,25,25,25,10,0
0.1965,45.39707,45.39707,25,25,25,25,10,0
0.197,45.39707,45.39707,25,25,25,25,10,0
0.1975,45.39707,45.39707,25,25,25,25,10,0
0.198,45.39707,45.39707,25,25,25,25,10,0
0.1985,45.39707,45.39707,25,25,25,25,10,0
0.199,45.39707,45.39707,25,25,25,25,10,0
0.1995,45.39707,45.39707,25,25,25,25,10,0
0.2,45.39707,45.39707,25,25,25,25,10,0
0.2005,45.39707,45.39707,25,25,25,25,10,0
0.201,45.39707,45.39707,25,25,25,25,10,0
0.2015,45.39707,45.39707,25,25,25,25,10,0
0.202,45.39707,45.39707,25,25,25,25,10,0
0.2025,45.39707,45.39707,25,25,25,25,10,0
0.203,45.39707,45.39707,25,25,25,25,10,0
0.2035,45.39707,45.39707,25,25,25,25,10,0
0.204,45.39707,45.39707,25,25,25,25,10,0
0.2045,45.39707,45.39707,25,25,25,25,10,0
0.205,45.39707,45.39707,25,25,25,25,10,0
0.2055,45.39707,45.39707,25,25,25,25,10,0
0.206,45.39707,45.39707,25,25,25,25,10,0
0.2065,45.39707,45.39707,25,25,25,25,10,0
0.207,45.39707,45.39707,25,25,25,25,10,0
0.2075,45.39707,45.39707,25,25,25,25,10,0
0.208,45.39707,45.39707,25,25,25,25,10,0
0.2085,45.39707,45.39707,25,25,25,25,10,0
0.209,45.39707,45.39707,25,25,25,25,10,0
0.2095,45.39707,45.39707,25,25,25,25,10,0
0.21,45.39707,45.39707,25,25,25,25,10,0
0.2105,45.39707,45.39707,25,25,25,25,10,0
0.211,45.39707,45.39707,25,25,25,25,10,0
0.2115,45.39707,45.39707,25,25,25,25,10,0
0.212,45.39707,45.39707,25,25,25,25,10,0
0.2125,45.39707,45.39707,25,25,25,25,10,0
0.213,45.39707,45.39707,25,25,25,25,10,0
0.2135,45.39707,45.39707,25,25,25,25,10,0
0.214,45.39707,45.39707,25,25,25,25,10,0
0.2145,45.39707,45.39707,25,25,25,25,10,0
0.215,45.39707,45.39707,25,25,25,25,10,0
0.2155,45.39707,45.39707,25,25,25,25,10,0
0.216,45.39707,45.39707,25,25,25,25,10,0
0.2165,45.39707,45.39707,25,25,25,25,10,0
0.217,45.39707,45.39707,25,25,25,25,10,0
0.2175,45.39707,45.39707,25,25,25,25,10,0
0.218,45.39707,45.39707,25,25,25,25,10,0
0.2185,45.39707,45.39707,25,25,25,25,10,0
0.219,45.39707,45.39707,25,25,25,25,10,0
0.2195,45.39707,45.39707,25,25,25,25,10,0
0.22,45.39707,45.39707,25,25,25,25,10,0
0.2205,45.39707,45.39707,25,25,25,25,10,0
0.221,45.39707,45.39707,25,25,25,25,10,0
0.2215,45.39707,45.39707,25,25,25,25,10,0
0.222,45.39707,45.39707,25,25,25,25,10,0
0.2225,45.39707,45.39707,25,25,25,25,10,0
0.223,45.39707,45.39707,25,25,25,25,10,0
0.2235,45.39707,45.39707,25,25,25,25,10,0
0.224,45.39707,45.39707,25,25,25,25,10,0
0.2245,45.39707,45.39707,25,25,25,25,10,0
0.225,45.39707,45.39707,25,25,25,25,10,0
0.2255,45.39707,45.39707,25,25,25,25,10,0
0.226,45.39707,45.39707,25,25,25,25,10,0
0.2265,45.39707,45.39707,25,25,25,25,10,0
0.227,45.39707,45.39707,25,25,25,25,10,0
0.2275,45.39707,45.39707,25,25,25,25,10,0
0.228,45.39707,45.39707,25,25,25,25,10,0
0.2285,45.39707,45.39707,25,25,25,25,10,0
0.229,45.39707,45.39707,25,25,25,25,10,0
0.2295,45.39707,45.39707,25,25,25,25,10,0
0.23,45.39707,45.39707,25,25,25,25,10,0
0.2305,45.39707,45.39707,25,25,25,25,10,0
0.231,45.39707,45.39707,25,25,25,25,10,0
0.2315,45.39707,45.39707,25,25,25,25,10,0
0.232,45.39707,45.39707,25,25,25,25,10,0
0.2325,45.39707,45.39707,25,25,25,25,10,0
0.233,45.39707,45.39707,25,25,25,25,10,0
0.2335,45.39707,45.39707,25,25,25,25,10,0
0.234,45.39707,45.39707,25,25,25,25,10,0
0.2345,45.39707,45.39707,25,25,25,25,10,0
0.235,45.39707,45.39707,25,25,25,25,10,0
0.2355,45.39707,45.39707,25,25,25,25,10,0
0.236,45.39707,45.39707,25,25,25,25,10,0
0.2365,45.39707,45.39707,25,25,25,25,10,0
0.237,45.39707,45.39707,25,25,25,25,10,0
0.2375,45.39707,45.39707,25,25,25,25,10,0
0.238,45.39707,45.39707,25,25,25,25,10,0
0.2385,45.39707,45.39707,25,25,25,25,10,0
0.239,45.39707,45.39707,25,25,25,25,10,0
0.2395,45.39707,45.39707,25,25,25,25,10,0
0.24,45.39707,45.39707,25,25,25,25,10,0
0.2405,45.39707,45.39707,25,25,25,25,10,0
0.241,45.39707,45.39707,25,25,25,25,10,0
0.2415,45.39707,45.39707,25,25,25,25,10,0
0.242,45.39707,45.39707,25,25,25,25,10,0
0.2425,45.39707,45.39707,25,25,25,25,10,0
0.243,45.39707,45.39707,25,25,25,25,10,0
0.2435,45.39707,45.39707,25,25,25,25,10,0
0.244,45.39707,45.39707,25,25,25,25,10,0
0.2445,45.39707,45.39707,25,25,25,25,10,0
0.245,45.39707,45.39707,25,25,25,25,10,0
0.2455,45.39707,45.39707,25,25,25,25,10,0
0.246,45.39707,45.39707,25,25,25,25,10,0
0.2465,45.39707,45.39707,25,25,25,25,10,0
0.247,45.39707,45.39707,25,25,25,25,10,0
0.2475,45.39707,45.39707,25,25,25,25,10,0
0.248,45.39707,45.39707,25,25,25,25,10,0
0.2485,45.39707,45.39707,25,25,25,25,10,0
0.249,45.39707,45.39707,25,25,25,25,10,0
0.2495,45.39707,45.39707,25,25,25,25,10,0
0.25,45.39707,45.39707,25,25,25,25,10,0
