tempo_s,degrau_vhil_c,degrau_teoria_c,relax_vhil_c,relax_teoria_c,pulso_vhil_c,pulso_teoria_c
0.0,25.0,25.0,45.3970718384,45.39707,25.0,25.0
0.00020000000000006124,25.0,25.0,38.9343261719,38.93432608995431,25.0,25.0
0.0004000000000001225,25.0,25.0,35.3546295166,35.35462836276062,25.0,25.0
0.0006000000000001837,25.0,25.0,33.2474479675,33.24744752748252,25.0,25.0
0.000800000000000245,25.0,25.0,31.9055118561,31.905512166761753,25.0,25.0
0.0010000000000003062,25.0,25.0,30.9729118347,30.972911482028508,25.0,25.0
0.0012000000000003674,25.0,25.0,30.2694015503,30.26940100539577,25.0,25.0
0.0014000000000004287,25.0,25.0,29.702671051,29.702671118785982,25.0,25.0
0.00160000000000049,25.0,25.0,29.2245292664,29.224528814690814,25.0,25.0
0.0018000000000005512,25.0,25.0,28.80900383,28.809003015954865,25.0,25.0
0.0020000000000006124,25.0,25.0,28.4413967133,28.44139604435264,25.0,25.0
0.0022000000000006736,25.0,25.0,28.1128005981,28.1128011520898,25.0,25.0
0.002400000000000735,25.0,25.0,27.8173503876,27.817350301448215,25.0,25.0
0.002600000000000796,25.0,25.0,27.5508270264,27.55082632833819,25.0,25.0
0.0028000000000008574,25.0,25.0,27.3099575043,27.309957516407675,25.0,25.0
0.0030000000000009186,25.0,25.0,27.0920543671,27.092054018241477,25.0,25.0
0.00320000000000098,25.0,25.0,26.8948154449,26.894816002994784,25.0,25.0
0.003400000000001041,25.0,25.0,26.7162284851,26.716228505084413,25.0,25.0
0.0036000000000011023,25.0,25.0,26.5545005798,26.554500437521252,25.0,25.0
0.0038000000000011636,25.0,25.0,26.4080257416,26.408026452534465,25.0,25.0
0.004000000000001225,25.0,25.0,26.2753601074,26.27536093249892,25.0,25.0
0.004200000000001286,25.0,25.0,26.1551990509,26.155198692961942,25.0,25.0
0.004400000000001347,25.0,25.0,26.0463600159,26.046359631143762,25.0,25.0
0.0046000000000014085,25.0,25.0,25.9477767944,25.94777588277777,25.0,25.0
0.00480000000000147,25.0,25.0,25.8584804535,25.85848071911624,25.0,25.0
0.005000000000001531,25.0,25.0,25.7775993347,25.777598754652807,25.0,25.0
0.005200000000001592,25.0,25.0,25.7043380737,25.70433720953592,25.0,25.0
0.0054000000000016535,25.0,25.0,25.6379776001,25.637978061143592,25.0,25.0
0.005600000000001715,25.0,25.0,25.5778713226,25.577870968019212,25.0,25.0
0.005800000000001776,25.0,25.0,25.5234260559,25.523426876912993,25.0,25.0
0.006000000000001837,25.0,25.0,25.474111557,25.474112240339704,25.0,25.0
0.0062000000000018984,25.0,25.0,25.4294433594,25.42944378302438,25.0,25.0
0.00640000000000196,25.0,25.0,25.3889846802,25.388983763471437,25.0,25.0
0.006600000000002021,25.0,25.0,25.3523349762,25.35233568298533,25.0,25.0
0.006800000000002082,25.0,25.0,25.3191394806,25.319140399475057,25.0,25.0
0.007000000000002143,25.0,25.0,25.2890720367,25.289072607650592,25.0,25.0
0.007200000000002205,25.0,25.0,25.2618370056,25.261837650964406,25.0,25.0
0.007400000000002266,25.0,25.0,25.2371692657,25.237168633979014,25.0,25.0
0.007600000000002327,25.0,25.0,25.2148246765,25.21482380682432,25.0,25.0
0.007800000000002388,25.0,25.0,25.1945838928,25.1945841960939,25.0,25.0
0.00800000000000245,25.0,25.0,25.1762523651,25.176251458954134,25.0,25.0
0.00820000000000251,25.0,25.0,25.1596450806,25.15964593943222,25.0,25.0
0.008400000000002572,25.0,25.0,25.1446056366,25.144604907832885,25.0,25.0
0.008600000000002633,25.0,25.0,25.1309814453,25.13098096602927,25.0,25.0
0.008800000000002695,25.0,25.0,25.1186408997,25.118640602999754,25.0,25.0
0.009000000000002756,25.0,25.0,25.1074638367,25.107462886455014,25.0,25.0
0.009200000000002817,25.0,25.0,25.0973377228,25.097338277733453,25.0,25.0
0.009400000000002878,25.0,25.0,25.0881671906,25.088167558351287,25.0,25.0
0.00960000000000294,25.0,25.0,25.0798606873,25.079860857687628,25.0,25.0
0.009800000000003,25.0,25.0,25.0723361969,25.072336772276188,25.0,25.0
0.010000000000003062,25.4268569946,25.426857884157908,25.0655212402,25.065521568072867,25.4268569946,25.426857884157908
0.010200000000003123,31.6943492889,31.69434905612521,25.0593490601,25.059348457881647,31.6943492889,31.69434905612521
0.010400000000003184,35.1748313904,35.17483227085491,25.0537567139,25.053756946857753,35.1748313904,35.17483227085491
0.010600000000003246,37.2309036255,37.230905070389156,25.0486927032,25.0486922396742,37.2309036255,37.230905070389156
0.010800000000003307,38.5458946228,38.54589594804082,25.0441055298,25.0441047035421,38.5458946228,38.54589594804082
0.011000000000003368,39.4637489319,39.46374941278978,25.0399494171,25.03994938182249,39.4637489319,39.46374941278978
0.01120000000000343,40.1587219238,40.15872367751369,25.0361862183,25.036185553463145,40.1587219238,40.15872367751369
0.01140000000000349,40.7201271057,40.720128524187594,25.0327758789,25.032776333943097,40.7201271057,40.720128524187594
0.011600000000003552,41.1946487427,41.194649023135334,25.0296878815,25.029688313814066,41.1946487427,41.194649023135334
0.011800000000003613,41.6074943542,41.60749404957398,25.0268917084,25.02689123129672,41.6074943542,41.60749404957398
0.012000000000003674,41.9729728699,41.97297223902814,25.024356842,25.02435767572327,41.9729728699,41.97297223902814
0.012200000000003736,42.2997894287,42.299788382782964,25.0220623016,25.022062818920173,42.2997894287,42.299788382782964
0.012400000000003797,42.5937042236,42.593702685011706,25.0199832916,25.019984171898606,42.5937042236,42.593702685011706
0.012600000000003858,42.85887146,42.8588721233915,25.0181007385,25.01810136446834,42.85887146,42.8588721233915
0.01280000000000392,43.0985336304,43.098532612059714,25.0163955688,25.016395945615265,43.0985336304,43.098532612059714
0.01300000000000398,43.3153495789,43.315350911182804,25.0148506165,25.014851202686348,43.3153495789,43.315350911182804
0.013200000000004042,43.5116119385,43.51161060296035,25.0134525299,25.013451997610044,43.5116119385,43.51161060296035
0.013400000000004103,43.6893157959,43.6893142631756,25.0121841431,25.012184618547224,43.6893157959,43.6893142631756
0.013600000000004164,43.8502426147,43.850242918445204,25.0110359192,25.011036645518764,43.8502426147,43.850242918445204
0.013800000000004226,43.9959945679,43.99599338413455,25.0099964142,25.00999682869306,43.9959945679,43.99599338413455
0.014000000000004287,44.1280021667,44.128003838942995,25.009054184,25.009054978140636,44.1280021667,44.128003838942995
0.014200000000004348,44.2475738525,44.247572873822904,25.0082015991,25.008201863975557,44.2475738525,44.247572873822904
0.01440000000000441,44.3558731079,44.3558746914278,25.0074291229,25.00742912590497,44.3558731079,44.3558746914278
0.01460000000000447,44.4539718628,44.45397184780412,25.006729126,25.00672919130046,44.4539718628,44.45397184780412
0.014800000000004532,44.5428276062,44.542826281577156,25.0060958862,25.006095200988305,44.5428276062,44.542826281577156
0.015000000000004593,44.6233100891,44.623309048409546,25.0055217743,25.005520942031367,44.6233100891,44.623309048409546
0.015200000000004654,44.6962089539,44.69620901072669,25.0050010681,25.00500078684398,44.6962089539,44.69620901072669
0.015400000000004715,44.7622413635,44.7622406450417,25.004529953,25.004529638043078,44.7622413635,44.7622406450417
0.015600000000004777,44.822052002,44.822051081915504,25.0041027069,25.004102878495214,44.822052002,44.822051081915504
0.015800000000004838,44.8762283325,44.87622646677407,25.0037155151,25.00371632606985,44.8762283325,44.87622646677407
0.0160000000000049,44.9252967834,44.92529771351755,25.0033664703,25.003366192655612,44.9252967834,44.92529771351755
0.01620000000000496,44.969745636,44.96974571209777,25.0030498505,25.003049047037777,44.969745636,44.96974571209777
0.01640000000000502,45.0100059509,45.01000604348963,25.0027618408,25.002761781273296,45.0100059509,45.01000604348963
0.016600000000005083,45.0464744568,45.046473249455914,25.0025024414,25.00250158023377,45.0464744568,45.046473249455914
0.016800000000005144,45.0795059204,45.07950469954443,25.0022659302,25.002265894017924,45.0795059204,45.07950469954443
0.017000000000005205,45.1094245911,45.10942409351067,25.0020523071,25.002052412963277,45.1094245911,45.10942409351067
0.017200000000005267,45.1365242004,45.13652463363729,25.0018596649,25.00185904501204,45.1365242004,45.13652463363729
0.017400000000005328,45.1610717773,45.1610718981125,25.0016841888,25.001683895209503,45.1610717773,45.1610718981125
0.01760000000000539,45.1833076477,45.183306443662744,25.0015258789,25.001525247134,45.1833076477,45.183306443662744
0.01780000000000545,45.2034454346,45.2034461629633,25.0013809204,25.00138154607641,45.2034454346,45.2034461629633
0.01800000000000551,45.2216873169,45.22168841993791,25.0012512207,25.001251383804433,45.2216873169,45.22168841993791
0.018200000000005573,45.2382125854,45.23821198387756,25.0011329651,25.001133484762278,45.2382125854,45.23821198387756
0.018400000000005634,45.2531776428,45.25317878133444,25.0010261536,25.001026693570562,45.2531776428,45.25317878133444
0.018600000000005695,45.2667350769,45.266735482960456,25.0009307861,25.000929963703893,45.2667350769,45.266735482960456
0.018800000000005757,45.2790145874,45.27901494084125,25.0008430481,25.000842347235196,45.2790145874,45.27901494084125
0.019000000000005818,45.2901382446,45.29013749041184,25.0007629395,25.000762985546288,45.2901382446,45.29013749041184
0.01920000000000588,45.3002128601,45.30021212971205,25.0006904602,25.000691100913638,45.3002128601,45.30021212971205
0.01940000000000594,45.309337616,45.30933758753859,25.0006256104,25.00062598888689,45.309337616,45.30933758753859
0.019600000000006,45.3176040649,45.31760329096109,25.0005664825,25.00056701138542,45.3176040649,45.31760329096109
0.019800000000006063,45.325088501,45.325090241683725,25.0005130768,25.00051359044534,45.325088501,45.325090241683725
0.020000000000006124,45.3318710327,45.331871809840486,25.0004653931,25.00046520255559,44.9050140381,44.90501392568258
0.020200000000006185,45.3380126953,45.33801445300305,25.000421524,25.00042137352766,38.6436653137,38.643665396877836
0.020400000000006246,45.3435783386,45.343578367447364,25.0003814697,25.000381673848697,35.1687469482,35.16874609659246
0.020600000000006308,45.3486175537,45.34861807806125,25.0003452301,25.00034571447235,33.1177139282,33.117713007672094
0.02080000000000637,45.3531837463,45.353182972673835,25.0003128052,25.000313143006263,31.8072872162,31.807287024633013
0.02100000000000643,45.3573188782,45.3573177860432,25.0002841949,25.00028364025869,30.8935680389,30.89356837325342
0.02120000000000649,45.3610649109,45.36106303824515,25.0002574921,25.000256917110526,30.2023391724,30.20233936073146
0.021400000000006553,45.3644561768,45.36445543175924,25.0002326965,25.000232711681996,29.6443271637,29.644326907571646
0.021600000000006614,45.3675270081,45.36752821114335,25.0002117157,25.000210786766306,29.1728782654,29.17287918800802
0.021800000000006675,45.3703117371,45.37031148882156,25.0001907349,25.0001909275051,28.7628173828,28.762817439247574
0.022000000000006736,45.372833252,45.37283254017787,25.0001735687,25.000172939282866,28.3998603821,28.39986030114973
0.022200000000006798,45.3751144409,45.37511607084781,25.0001564026,25.000156645819796,28.0753269196,28.07532768806485
0.02240000000000686,45.3771858215,45.3771844588271,25.0001411438,25.000141887444272,27.7834815979,27.783481773815392
0.02260000000000692,45.3790588379,45.37905797377009,25.0001277924,25.00012851952812,27.5201854706,27.52018585037859
0.02280000000000698,45.3807563782,45.38075497562695,25.0001163483,25.0001164110693,27.2822227478,27.282222363567236
0.023000000000007043,45.3822937012,45.3822920945664,25.0001049042,25.000105443408124,27.0669403076,27.066941183383598
0.023200000000007104,45.3836860657,45.38368439394689,25.0000953674,25.00009550906442,26.8720741272,26.872073790986544
0.023400000000007165,45.3849449158,45.38494551793359,25.0000858307,25.00008651068425,26.6956310272,26.69563125475798
0.023600000000007226,45.386089325,45.38608782520749,25.0000782013,25.00007836008587,26.5358448029,26.535844906762286
0.023800000000007288,45.3871231079,45.38712251007733,25.0000705719,25.000070977395573,26.39112854,26.39112912594278
0.02400000000000735,45.3880615234,45.38805971218078,25.0000648499,25.00006429026496,26.260055542,26.260055873237782
0.02420000000000741,45.3889083862,45.388908615850184,25.0000591278,25.00005823316191,26.141336441,26.141335742027287
0.02440000000000747,45.3896789551,45.38967754011668,25.0000534058,25.00005274672842,26.0338020325,26.03380284868888
0.024600000000007533,45.39037323,45.39037402023439,25.0000476837,25.0000477771989,25.9364013672,25.936402172430267
0.024800000000007594,45.3910064697,45.39100488152399,25.000043869,25.000043275873274,25.8481788635,25.848178599946834
0.025000000000007655,45.3915748596,45.391576306259026,25.0000400543,25.000039198639744,25.7682666779,25.76826725784948
0.025200000000007716,45.3920936584,45.392093894250536,25.0000362396,25.0000355055425,25.6958847046,25.695884883523846
0.025400000000007777,45.3925628662,45.39256271772376,25.0000324249,25.000032160390166,25.6303215027,25.630322072682063
0.02560000000000784,45.3929862976,45.39298737102453,25.0000286102,25.00002913040114,25.570936203,25.57093628910903
0.0258000000000079,45.393371582,45.39337201564273,25.0000267029,25.00002638588233,25.5171451569,25.517145548868662
0.02600000000000796,45.3937187195,45.39372042099374,25.0000247955,25.000023899938174,25.468421936,25.46842270747619
0.026200000000008022,45.3940353394,45.394036001357705,25.0000209808,25.000021648207085,25.4242897034,25.424290289259936
0.026400000000008084,45.3943214417,45.394321849338596,25.0000190735,25.00001960862269,25.3843154907,25.384315805848967
0.026600000000008145,45.3945808411,45.39458076617093,25.0000171661,25.0000177611976,25.3481082916,25.348107516715018
0.026800000000008206,45.3948135376,45.39481528917108,25.0000152588,25.000016087827547,25.3153114319,25.315310589626648
0.027000000000008267,45.3950271606,45.395027716602314,25.0000152588,25.000014572113944,25.2856044769,25.285603623091642
0.02720000000000833,45.3952217102,45.3952201301972,25.0000133514,25.000013199203195,25.2586956024,25.25869549655991
0.02740000000000839,45.3953933716,45.395394415558,25.0000114441,25.00001195564114,25.2343215942,25.2343225174455
0.02760000000000845,45.3955535889,45.3955522806351,25.0000114441,25.0000108292412,25.2122459412,25.21224583697235
0.027800000000008512,45.3956947327,45.39569527246442,25.0000095367,25.00000980896496,25.1922492981,25.19224910950112
0.028000000000008574,45.3958244324,45.39582479232803,25.0000095367,25.000008884813976,25.1741371155,25.174136372390116
0.028200000000008635,45.395942688,45.39594210948627,25.0000076294,25.000008047731818,25.1577301025,25.157730125608712
0.028400000000008696,45.3960494995,45.39604837361623,25.0000076294,25.0000072895153,25.1428699493,25.142869592281787
0.028600000000008757,45.3961448669,45.39614462607823,25.000005722,25.000006602734096,25.12940979,25.129409143117776
0.02880000000000882,45.396232605,45.39623181012091,25.000005722,25.000005980657942,25.1172161102,25.117216869279662
0.02900000000000888,45.3963088989,45.39631078012479,25.000005722,25.00000541719065,25.1061725616,25.10617328971296
0.02920000000000894,45.3963813782,45.39638230997499,25.000005722,25.000004906810393,25.0961704254,25.09617018026294
0.029400000000009002,45.396446228,45.39644710064509,25.0000038147,25.00000444451558,25.0871086121,25.087109513106505
0.029600000000009064,45.3965072632,45.39650578706651,25.0000038147,25.000004025775837,25.0789031982,25.07890249610542
0.029800000000009125,45.3965606689,45.39655894435063,25.0000038147,25.000003646487635,25.0714683533,25.0714687026669
0.030000000000009186,45.3966064453,45.39660709342474,25.0000038147,25.000003302934044,25.0647354126,25.064735283584255
0.030200000000009247,45.3966522217,45.39665070613704,25.0000038147,25.00000299174833,25.0586357117,25.05863625313399
0.03040000000000931,45.3966903687,45.39669020988053,25.0000019073,25.00000270988096,25.05311203,25.05311184243317
0.03060000000000937,45.3967247009,45.39672599178145,25.0000019073,25.000002454569707,25.0481071472,25.0481079137202
0.03080000000000943,45.3967590332,45.39675840249295,25.0000019073,25.000002223312585,25.0435752869,25.043575429819114
0.031000000000009492,45.3967895508,45.396787759631415,25.0000019073,25.000002013843336,25.0394706726,25.03946997358822
0.031200000000009553,45.3968162537,45.396814350889024,25.0000019073,25.00000182410922,25.0357513428,25.035751312643875
0.031400000000009615,45.3968391418,45.396838436853066,25.0000019073,25.00000165225089,25.0323829651,25.032383005093823
0.031600000000009676,45.39686203,45.3968602535596,25.0000019073,25.000001496584183,25.0293312073,25.029332042416247
0.03180000000000974,45.3968811035,45.39688001480657,25.0000019073,25.000001355583603,25.0265693665,25.02656852598502
0.0320000000000098,45.3968963623,45.396897914248974,25.0000019073,25.000001227867383,25.0240650177,25.02406537407111
0.03220000000000986,45.3969154358,45.3969141272966,25.0000019073,25.000001112183938,25.0217971802,25.021798056448787
0.03240000000000992,45.3969306946,45.39692881283301,25.0000019073,25.000001007399604,25.019744873,25.01974435400591
0.03260000000000998,45.3969421387,45.396942114772585,25.0,25.000000912487515,25.0178833008,25.017884141002497
0.03280000000001004,45.3969535828,45.39695416347081,25.0,25.000000826517567,25.0161991119,25.01619918784386
0.033000000000010105,45.3969650269,45.396965077001724,25.0,25.000000748647267,25.014673233,25.01467298243532
0.033200000000010166,45.3969764709,45.39697496231505,25.0,25.000000678113516,25.0132904053,25.013290568368152
0.03340000000001023,45.3969841003,45.396983916284235,25.0,25.000000614225094,25.0120391846,25.012038398350647
0.03360000000001029,45.3969917297,45.39699202665581,25.0,25.000000556355918,25.0109043121,25.01090420144832
0.03380000000001035,45.3969993591,45.396999372909264,25.0,25.00000050393888,25.0098762512,25.009876862831927
0.03400000000001041,45.3970069885,45.39700602703593,25.0,25.000000456460313,25.0089454651,25.008946314855155
0.03420000000001047,45.3970108032,45.3970120542445,25.0,25.000000413454938,25.0081043243,25.00810343839431
0.03440000000001053,45.3970184326,45.397017513600005,25.0,25.000000374501308,25.0073394775,25.00733997348333
0.034600000000010595,45.3970222473,45.397022458602706,25.0,25.000000339217692,25.0066490173,25.00664843836832
0.034800000000010656,45.397026062,45.3970269377123,25.0,25.00000030725832,25.0060214996,25.006022056188307
0.03500000000001072,45.3970298767,45.397030994822885,25.0,25.000000278309997,25.0054550171,25.005454688563855
0.03520000000001078,45.3970336914,45.397034669693056,25.0,25.000000252089038,25.004940033,25.004940775442513
0.03540000000001084,45.3970375061,45.39703799833558,25.0,25.000000228338486,25.0044746399,25.004475280611814
0.0356000000000109,45.3970413208,45.39704101337027,25.0,25.00000020682559,25.0040531158,25.00405364234574
0.03580000000001096,45.3970451355,45.39704374434367,25.0,25.00000018733953,25.0036716461,25.003671728700937
0.03600000000001102,45.3970451355,45.397046218018595,25.0,25.00000016968935,25.003326416,25.003325797024857
0.036200000000011084,45.3970489502,45.39704845863639,25.0,25.00000015370208,25.0030117035,25.003012457278686
0.036400000000011146,45.3970489502,45.397050488154534,25.0,25.000000139221047,25.0027294159,25.002728638815935
0.03660000000001121,45.3970527649,45.39705232646176,25.0,25.000000126104347,25.0024719238,25.00247156029083
0.03680000000001127,45.3970527649,45.397053991572996,25.0,25.000000114223432,25.0022392273,25.002238702401918
0.03700000000001133,45.3970565796,45.39705549980589,25.0,25.00000010346188,25.0020275116,25.00202778320357
0.03720000000001139,45.3970565796,45.39705686594071,25.0,25.000000093714227,25.0018367767,25.00183673574351
0.03740000000001145,45.3970565796,45.39705810336524,25.0,25.000000084884945,25.001663208,25.001663687807238
0.03760000000001151,45.3970603943,45.39705922420589,25.0,25.000000076887517,25.0015068054,25.001506943570796
0.037800000000011574,45.3970603943,45.39706023944662,25.0,25.000000069643566,25.0013656616,25.001364966982198
0.038000000000011636,45.3970603943,45.39706115903651,25.0,25.0000000630821,25.0012359619,25.001236366708483
0.0382000000000117,45.3970603943,45.3970619919873,25.0,25.000000057138823,25.0011196136,25.001119882501026
0.03840000000001176,45.397064209,45.397062746461685,25.0,25.000000051755496,25.0010147095,25.00101437284545
0.03860000000001182,45.397064209,45.39706342985332,25.0,25.000000046879354,25.000919342,25.000918803775082
0.03880000000001188,45.397064209,45.39706404885925,25.0,25.00000004246262,25.000831604,25.000832238738337
0.03900000000001194,45.397064209,45.39706460954558,25.0,25.000000038462005,25.0007534027,25.000753829420788
0.039200000000012,45.397064209,45.39706511740689,25.0,25.000000034838312,25.0006828308,25.0006828074319
0.039400000000012064,45.397064209,45.39706557742007,25.0,25.00000003155602,25.000617981,25.000618476774978
0.039600000000012126,45.397064209,45.39706599409315,25.0,25.000000028582974,25.0005607605,25.000560207026638
0.03980000000001219,45.3970680237,45.397066371509396,25.0,25.00000002589003,25.0005073547,25.00050742715877
0.04000000000001225,45.3970680237,45.397066713367394,25.0,25.000000023450802,25.000459671,25.000459619942657
0.04020000000001231,45.3970680237,45.39706702301727,25.0,25.000000021241387,25.000415802,25.000416316880234
0.04040000000001237,45.3970680237,45.3970673034935,25.0,25.00000001924013,25.000377655,25.00037709361297
0.04060000000001243,45.3970680237,45.39706755754468,25.0,25.000000017427425,25.0003414154,25.00034156576323
0.04080000000001249,45.3970680237,45.39706778766045,25.0,25.0000000157855,25.0003089905,25.000309385167494
0.041000000000012554,45.3970680237,45.39706799609587,25.0,25.00000001429827,25.0002803802,25.000280236464455
0.041200000000012615,45.3970680237,45.39706818489357,25.0,25.00000001295116,25.0002536774,25.000253834004543
0.04140000000001268,45.3970680237,45.3970683559037,25.0,25.000000011730968,25.0002307892,25.000229919050632
0.04160000000001274,45.3970680237,45.39706851080212,25.0,25.000000010625733,25.000207901,25.00020825724252
0.0418000000000128,45.3970680237,45.39706865110681,25.0,25.00000000962463,25.0001888275,25.00018863630023
0.04200000000001286,45.3970680237,45.39706877819269,25.0,25.000000008717848,25.0001716614,25.000170863943712
0.04220000000001292,45.3970680237,45.39706889330518,25.0,25.000000007896496,25.0001544952,25.000154766008585
0.04240000000001298,45.3970680237,45.39706899757236,25.0,25.00000000715253,25.0001392365,25.00014018473935
0.042600000000013044,45.3970680237,45.39706909201601,25.0,25.000000006478654,25.0001277924,25.00012697724343
0.042800000000013105,45.3970680237,45.39706917756166,25.0,25.000000005868266,25.0001144409,25.000115014090856
0.04300000000001317,45.3970680237,45.39706925504764,25.0,25.00000000531539,25.0001049042,25.000104178045913
0.04320000000001323,45.3970680237,45.397069325233275,25.0,25.0000000048146,25.0000934601,25.000094362918226
0.04340000000001329,45.3970680237,45.39706938880638,25.0,25.00000000436099,25.0000858307,25.000085472522144
0.04360000000001335,45.3970680237,45.39706944638994,25.0,25.000000003950124,25.0000782013,25.000077419734133
0.04380000000001341,45.3970680237,45.39706949854828,25.0,25.000000003577963,25.0000705719,25.00007012563902
0.04400000000001347,45.3970680237,45.39706954579252,25.0,25.000000003240864,25.0000629425,25.000063518756587
0.044200000000013534,45.3970680237,45.39706958858565,25.0,25.000000002935526,25.0000572205,25.00005753434115
0.044400000000013595,45.3970680237,45.39706962734702,25.0,25.000000002658957,25.0000514984,25.000052113747014
0.044600000000013656,45.3970680237,45.3970696624565,25.0,25.00000000240844,25.0000476837,25.000047203853793
0.04480000000001372,45.3970680237,45.397069694258136,25.0,25.00000000218153,25.0000419617,25.000042756545838
0.04500000000001378,45.3970680237,45.39706972306359,25.0,25.000000001975998,25.000038147,25.000038728240707
0.04520000000001384,45.3970680237,45.397069749155136,25.0,25.00000000178983,25.0000343323,25.000035079462084
0.0454000000000139,45.3970680237,45.39706977278847,25.0,25.000000001621203,25.0000324249,25.00003177445289
0.04560000000001396,45.3970680237,45.39706979419519,25.0,25.00000000146846,25.0000286102,25.000028780824916
0.045800000000014024,45.3970680237,45.39706981358507,25.0,25.000000001330108,25.0000267029,25.0000260692414
0.046000000000014085,45.3970680237,45.397069831148144,25.0,25.000000001204793,25.0000228882,25.00002361312955
0.046200000000014146,45.3970680237,45.397069847056514,25.0,25.000000001091284,25.0000209808,25.00002138842012
0.04640000000001421,45.3970680237,45.397069861466065,25.0,25.000000000988468,25.0000190735,25.000019373311535
0.04660000000001427,45.3970680237,45.39706987451804,25.0,25.00000000089534,25.0000171661,25.000017548056277
0.04680000000001433,45.3970680237,45.397069886340304,25.0,25.000000000810985,25.0000152588,25.000015894767312
0.04700000000001439,45.3970680237,45.39706989704875,25.0,25.000000000734577,25.0000152588,25.000014397242868
0.04720000000001445,45.3970680237,45.3970699067483,25.0,25.00000000066537,25.0000133514,25.000013040807584
0.047400000000014514,45.3970680237,45.397069915534004,25.0,25.000000000602682,25.0000114441,25.00001181216876
0.047600000000014575,45.3970680237,45.397069923491955,25.0,25.0000000005459,25.0000114441,25.00001069928606
0.047800000000014636,45.3970680237,45.397069930700155,25.0,25.00000000049447,25.0000095367,25.00000969125354
0.0480000000000147,45.3970718384,45.39706993722923,25.0,25.000000000447884,25.0000095367,25.000008778192726
0.04820000000001476,45.3970718384,45.39706994314318,25.0,25.000000000405684,25.0000076294,25.000007951155887
0.04840000000001482,45.3970718384,45.39706994849994,25.0,25.000000000367464,25.0000076294,25.000007202038258
0.04860000000001488,45.3970718384,45.397069953352016,25.0,25.000000000332843,25.000005722,25.0000065234987
0.04880000000001494,45.3970718384,45.39706995774695,25.0,25.000000000301483,25.000005722,25.000005908887704
0.049000000000015004,45.3970718384,45.39706996172782,25.0,25.00000000027308,25.000005722,25.000005352182242
0.049200000000015065,45.3970718384,45.39706996533363,25.0,25.00000000024735,25.000005722,25.000004847926743
0.049400000000015126,45.3970718384,45.39706996859972,25.0,25.00000000022405,25.0000038147,25.00000439117965
0.04960000000001519,45.3970718384,45.397069971558096,25.0,25.000000000202938,25.0000038147,25.00000397746495
0.04980000000001525,45.3970718384,45.39706997423775,25.0,25.000000000183817,25.0000038147,25.000003602728352
0.05000000000001531,45.3970718384,45.39706997666494,25.0,25.0000000001665,25.0000038147,25.00000326329754
0.05020000000001537,45.3970718384,45.39706997886345,25.0,25.000000000150813,25.0000038147,25.000002955846178
0.05040000000001543,45.3970718384,45.39706998085483,25.0,25.000000000136605,25.0000019073,25.00000267736133
0.050600000000015494,45.3970718384,45.39706998265859,25.0,25.000000000123734,25.0000019073,25.000002425113912
0.050800000000015555,45.3970718384,45.39706998429241,25.0,25.000000000112077,25.0000019073,25.00000219663196
0.051000000000015616,45.3970718384,45.3970699857723,25.0,25.00000000010152,25.0000019073,25.000001989676427
0.05120000000001568,45.3970718384,45.39706998711276,25.0,25.000000000091955,25.0000019073,25.000001802219195
0.05140000000001574,45.3970718384,45.39706998832693,25.0,25.00000000008329,25.0000019073,25.000001632423235
0.0516000000000158,45.3970718384,45.397069989426704,25.0,25.000000000075442,25.0000019073,25.000001478624583
0.05180000000001586,45.3970718384,45.39706999042287,25.0,25.000000000068336,25.0000019073,25.000001339316068
0.05200000000001592,45.3970718384,45.39706999132518,25.0,25.000000000061895,25.0000019073,25.000001213132492
0.052200000000015984,45.3970718384,45.39706999214248,25.0,25.000000000056065,25.0000019073,25.000001098837295
0.052400000000016045,45.3970718384,45.39706999288278,25.0,25.000000000050782,25.0000019073,25.000000995310412
0.052600000000016106,45.3970718384,45.39706999355332,25.0,25.000000000045997,25.0,25.00000090153731
0.05280000000001617,45.3970718384,45.397069994160695,25.0,25.000000000041666,25.0,25.00000081659903
0.05300000000001623,45.3970718384,45.39706999471085,25.0,25.00000000003774,25.0,25.000000739663207
0.05320000000001629,45.3970718384,45.397069995209165,25.0,25.000000000034184,25.0,25.00000066997589
0.05340000000001635,45.3970718384,45.39706999566053,25.0,25.000000000030962,25.0,25.00000060685415
0.05360000000001641,45.3970718384,45.397069996069376,25.0,25.000000000028045,25.0,25.000000549679434
0.053800000000016474,45.3970718384,45.3970699964397,25.0,25.000000000025402,25.0,25.00000049789142
0.054000000000016535,45.3970718384,45.39706999677513,25.0,25.00000000002301,25.0,25.00000045098261
0.054200000000016596,45.3970718384,45.39706999707896,25.0,25.000000000020844,25.0,25.000000408493314
0.05440000000001666,45.3970718384,45.397069997354166,25.0,25.00000000001888,25.0,25.000000370007147
0.05460000000001672,45.3970718384,45.397069997603445,25.0,25.0000000000171,25.0,25.000000335146947
0.05480000000001678,45.3970718384,45.397069997829234,25.0,25.00000000001549,25.0,25.000000303571102
0.05500000000001684,45.3970718384,45.39706999803376,25.0,25.00000000001403,25.0,25.000000274970166
0.0552000000000169,45.3970718384,45.39706999821901,25.0,25.000000000012708,25.0,25.00000024906387
0.05540000000001696,45.3970718384,45.3970699983868,25.0,25.00000000001151,25.0,25.000000225598335
0.055600000000017025,45.3970718384,45.39706999853878,25.0,25.000000000010427,25.0,25.0000002043436
0.055800000000017086,45.3970718384,45.39706999867646,25.0,25.000000000009443,25.0,25.000000185091388
0.05600000000001715,45.3970718384,45.39706999880116,25.0,25.000000000008555,25.0,25.00000016765301
0.05620000000001721,45.3970718384,45.397069998914105,25.0,25.00000000000775,25.0,25.000000151857595
0.05640000000001727,45.3970718384,45.39706999901641,25.0,25.000000000007017,25.0,25.000000137550344
0.05660000000001733,45.3970718384,45.39706999910908,25.0,25.000000000006356,25.0,25.000000124591043
0.05680000000001739,45.3970718384,45.39706999919302,25.0,25.00000000000576,25.0,25.00000011285271
0.05700000000001745,45.3970718384,45.39706999926905,25.0,25.000000000005215,25.0,25.000000102220294
0.057200000000017515,45.3970718384,45.397069999337916,25.0,25.000000000004725,25.0,25.00000009258962
0.057400000000017576,45.3970718384,45.397069999400294,25.0,25.000000000004277,25.0,25.000000083866293
0.05760000000001764,45.3970718384,45.39706999945679,25.0,25.000000000003876,25.0,25.000000075964838
0.0578000000000177,45.3970718384,45.39706999950797,25.0,25.00000000000351,25.0,25.00000006880781
0.05800000000001776,45.3970718384,45.39706999955433,25.0,25.00000000000318,25.0,25.000000062325093
0.05820000000001782,45.3970718384,45.39706999959632,25.0,25.00000000000288,25.0,25.000000056453135
0.05840000000001788,45.3970718384,45.397069999634354,25.0,25.000000000002608,25.0,25.00000005113441
0.05860000000001794,45.3970718384,45.3970699996688,25.0,25.000000000002363,25.0,25.000000046316785
0.058800000000018005,45.3970718384,45.39706999970001,25.0,25.000000000002142,25.0,25.00000004195305
0.059000000000018066,45.3970718384,45.397069999728274,25.0,25.00000000000194,25.0,25.000000038000447
0.05920000000001813,45.3970718384,45.39706999975387,25.0,25.000000000001755,25.0,25.000000034420236
0.05940000000001819,45.3970718384,45.39706999977706,25.0,25.00000000000159,25.0,25.000000031177336
0.05960000000001825,45.3970718384,45.39706999979806,25.0,25.000000000001442,25.0,25.000000028239967
0.05980000000001831,45.3970718384,45.39706999981709,25.0,25.000000000001304,25.0,25.00000002557934
0.06000000000001837,44.9702110291,44.97021211567642,25.0,25.000000000001183,25.0,25.000000023169385
0.06020000000001843,38.7027206421,38.70272094372473,25.0,25.00000000000107,25.0,25.000000020986484
0.060400000000018494,35.2222366333,35.222237729009166,25.0,25.00000000000097,25.0,25.000000019009242
0.060600000000018556,33.1661643982,33.16616492948772,25.0,25.000000000000878,25.0,25.000000017218284
0.06080000000001862,31.8511734009,31.85117405184765,25.0,25.000000000000796,25.0,25.00000001559607
0.06100000000001868,30.9333209991,30.93332058710921,25.0,25.00000000000072,25.0,25.00000001412669
0.06120000000001874,30.2383460999,30.23834632239481,25.0,25.000000000000654,25.0,25.000000012795738
0.0614000000000188,29.676940918,29.676941475729528,25.0,25.00000000000059,25.0,25.00000001159019
0.06160000000001886,29.2024211884,29.202420976789597,25.0,25.000000000000536,25.0,25.000000010498226
0.06180000000001892,28.7895755768,28.78957595035802,25.0,25.000000000000487,25.0,25.00000000950913
0.062000000000018984,28.4240970612,28.424097760910275,25.0,25.00000000000044,25.0,25.00000000861323
0.062200000000019046,28.0972824097,28.097281617161254,25.0,25.000000000000398,25.0,25.000000007801738
0.06240000000001911,27.8033676147,27.803367314937763,25.0,25.00000000000036,25.0,25.0000000070667
0.06260000000001917,27.5381984711,27.538197876562734,25.0,25.000000000000327,25.0,25.00000000640091
0.06280000000001923,27.298538208,27.298537387898826,25.0,25.000000000000295,25.0,25.000000005797844
0.06300000000001929,27.0817184448,27.081719088779643,25.0,25.000000000000266,25.0,25.000000005251604
0.06320000000001935,26.8854598999,26.885459397005633,25.0,25.00000000000024,25.0,25.00000000475682
0.06340000000001941,26.7077560425,26.707755736793583,25.0,25.00000000000022,25.0,25.00000000430866
0.06360000000001947,26.5468273163,26.54682708152689,25.0,25.0000000000002,25.0,25.000000003902716
0.06380000000001954,26.4010772705,26.401076615840168,25.0,25.00000000000018,25.0,25.00000000353502
0.0640000000000196,26.2690658569,26.269066161034107,25.0,25.000000000000163,25.0,25.000000003201972
0.06420000000001966,26.1494979858,26.14949712615636,25.0,25.00000000000015,25.0,25.000000002900297
0.06440000000001972,26.0411949158,26.041195308553412,25.0,25.000000000000135,25.0,25.000000002627043
0.06460000000001978,25.9430980682,25.943098152178862,25.0,25.00000000000012,25.0,25.000000002379537
0.06480000000001984,25.8542442322,25.85424371840743,25.0,25.00000000000011,25.0,25.00000000215535
0.0650000000000199,25.7737617493,25.77376095157649,25.0,25.0000000000001,25.0,25.000000001952284
0.06520000000001996,25.7008609772,25.70086098926066,25.0,25.00000000000009,25.0,25.00000000176835
0.06540000000002003,25.6348285675,25.634829354946845,25.0,25.00000000000008,25.0,25.000000001601745
0.06560000000002009,25.5750198364,25.575018918074125,25.0,25.000000000000075,25.0,25.00000000145084
0.06580000000002015,25.5208435059,25.52084353321653,25.0,25.000000000000068,25.0,25.000000001314145
0.06600000000002021,25.4717731476,25.471772286473943,25.0,25.00000000000006,25.0,25.000000001190337
0.06620000000002027,25.427324295,25.42732428789452,25.0,25.000000000000053,25.0,25.000000001078185
0.06640000000002033,25.3870639801,25.387063956503386,25.0,25.00000000000005,25.0,25.000000000976605
0.06660000000002039,25.3505973816,25.35059675053776,25.0,25.000000000000046,25.0,25.000000000884594
0.06680000000002045,25.317565918,25.317565300449843,25.0,25.000000000000043,25.0,25.000000000801254
0.06700000000002052,25.28764534,25.28764590648414,25.0,25.000000000000036,25.0,25.000000000725766
0.06720000000002058,25.2605457306,25.26054536635801,25.0,25.000000000000032,25.0,25.000000000657387
0.06740000000002064,25.2359981537,25.23599810188324,25.0,25.000000000000032,25.0,25.00000000059545
0.0676000000000207,25.2137641907,25.213763556333397,25.0,25.00000000000003,25.0,25.00000000053935
0.06780000000002076,25.1936244965,25.193623837033208,25.0,25.000000000000025,25.0,25.00000000048854
0.06800000000002082,25.1753807068,25.175381580058925,25.0,25.00000000000002,25.0,25.00000000044251
0.06820000000002088,25.1588573456,25.158858016119577,25.0,25.00000000000002,25.0,25.000000000400817
0.06840000000002094,25.1438903809,25.14389121866296,25.0,25.000000000000018,25.0,25.000000000363055
0.068600000000021,25.1303348541,25.130334517037195,25.0,25.000000000000018,25.0,25.00000000032885
0.06880000000002107,25.1180553436,25.118055059156617,25.0,25.000000000000014,25.0,25.000000000297863
0.06900000000002113,25.1069316864,25.10693250958624,25.0,25.000000000000014,25.0,25.000000000269804
0.06920000000002119,25.0968570709,25.096857870286208,25.0,25.000000000000014,25.0,25.000000000244388
0.06940000000002125,25.0877323151,25.08773241245983,25.0,25.00000000000001,25.0,25.00000000022136
0.06960000000002131,25.0794658661,25.079466709037483,25.0,25.00000000000001,25.0,25.000000000200508
0.06980000000002137,25.0719795227,25.071979758314974,25.0,25.00000000000001,25.0,25.000000000181615
0.07000000000002143,25.0651988983,25.06519819015834,25.0,25.000000000000007,25.0,25.000000000164505
0.0702000000000215,25.0590553284,25.059055546995886,25.0,25.000000000000007,25.0,25.000000000149
0.07040000000002156,25.0534915924,25.053491632551676,25.0,25.000000000000007,25.0,25.000000000134964
0.07060000000002162,25.0484523773,25.04845192193788,25.0,25.000000000000007,25.0,25.000000000122252
0.07080000000002168,25.0438861847,25.043887027325372,25.0,25.000000000000007,25.0,25.000000000110735
0.07100000000002174,25.0397529602,25.03975221395609,25.0,25.000000000000004,25.0,25.000000000100297
0.0712000000000218,25.0360069275,25.036006961754204,25.0,25.000000000000004,25.0,25.000000000090854
0.07140000000002186,25.0326137543,25.03261456824017,25.0,25.000000000000004,25.0,25.00000000008229
0.07160000000002192,25.0295410156,25.02954178885611,25.0,25.000000000000004,25.0,25.000000000074536
0.07180000000002199,25.026758194,25.026758511177967,25.0,25.000000000000004,25.0,25.00000000006752
0.07200000000002205,25.0242366791,25.024237459821702,25.0,25.000000000000004,25.0,25.000000000061156
0.07220000000002211,25.0219535828,25.021953929151795,25.0,25.000000000000004,25.0,25.00000000005539
0.07240000000002217,25.0198860168,25.019885541172542,25.0,25.000000000000004,25.0,25.00000000005017
0.07260000000002223,25.0180110931,25.018012026229588,25.0,25.000000000000004,25.0,25.000000000045443
0.07280000000002229,25.0163154602,25.01631502437276,25.0,25.000000000000004,25.0,25.00000000004117
0.07300000000002235,25.0147781372,25.01477790543333,25.0,25.000000000000004,25.0,25.000000000037286
0.07320000000002241,25.0133857727,25.01338560605286,25.0,25.0,25.0,25.000000000033772
0.07340000000002248,25.0121250153,25.012124482066195,25.0,25.0,25.0,25.000000000030592
0.07360000000002254,25.0109825134,25.010982174792314,25.0,25.0,25.0,25.00000000002771
0.0738000000000226,25.0099468231,25.00994748992249,25.0,25.0,25.0,25.0000000000251
0.07400000000002266,25.0090103149,25.009010287819063,25.0,25.0,25.0,25.000000000022737
0.07420000000002272,25.0081615448,25.008161384149666,25.0,25.0,25.0,25.000000000020595
0.07440000000002278,25.0073928833,25.007392459883185,25.0,25.0,25.0,25.00000000001865
0.07460000000002284,25.006696701,25.006695979765492,25.0,25.0,25.0,25.000000000016897
0.0748000000000229,25.0060653687,25.006065118475902,25.0,25.0,25.0,25.000000000015305
0.07500000000002296,25.0054931641,25.005493693740874,25.0,25.0,25.0,25.000000000013863
0.07520000000002303,25.0049762726,25.00497610574937,25.0,25.0,25.0,25.000000000012555
0.07540000000002309,25.0045070648,25.00450728227616,25.0,25.0,25.0,25.000000000011376
0.07560000000002315,25.0040817261,25.004082628975397,25.0,25.0,25.0,25.000000000010303
0.07580000000002321,25.003698349,25.0036979843572,25.0,25.0,25.0,25.00000000000933
0.07600000000002327,25.0033493042,25.003349579006205,25.0,25.0,25.0,25.000000000008452
0.07620000000002333,25.0030345917,25.00303399864224,25.0,25.0,25.0,25.000000000007656
0.0764000000000234,25.0027484894,25.00274815066135,25.0,25.0,25.0,25.00000000000693
0.07660000000002345,25.00248909,25.002489233829024,25.0,25.0,25.0,25.00000000000628
0.07680000000002352,25.0022544861,25.002254710828883,25.0,25.0,25.0,25.000000000005688
0.07700000000002358,25.0020427704,25.00204228339765,25.0,25.0,25.0,25.00000000000515
0.07720000000002364,25.0018501282,25.001849869802765,25.0,25.0,25.0,25.000000000004665
0.0774000000000237,25.0016746521,25.001675584441966,25.0,25.0,25.0,25.000000000004224
0.07760000000002376,25.0015182495,25.001517719364873,25.0,25.0,25.0,25.000000000003826
0.07780000000002382,25.0013751984,25.001374727535556,25.0,25.0,25.0,25.000000000003467
0.07800000000002388,25.0012454987,25.00124520767195,25.0,25.0,25.0,25.00000000000314
0.07820000000002394,25.001127243,25.00112789051371,25.0,25.0,25.0,25.000000000002846
0.078400000000024,25.0010223389,25.00102162638375,25.0,25.0,25.0,25.000000000002576
0.07860000000002407,25.0009250641,25.00092537392175,25.0,25.0,25.0,25.00000000000233
0.07880000000002413,25.000837326,25.000838189879072,25.0,25.0,25.0,25.000000000002117
0.07900000000002419,25.0007591248,25.000759219875192,25.0,25.0,25.0,25.00000000000191
0.07920000000002425,25.0006885529,25.000687690025003,25.0,25.0,25.0,25.000000000001737
0.07940000000002431,25.000623703,25.000622899354898,25.0,25.0,25.0,25.000000000001574
0.07960000000002437,25.0005645752,25.000564212933483,25.0,25.0,25.0,25.00000000000142
0.07980000000002443,25.0005111694,25.000511055649365,25.0,25.0,25.0,25.00000000000129
0.0800000000000245,25.0004634857,25.00046290657525,25.0,25.0,25.0,25.000000000001165
0.08020000000002456,25.0004196167,25.000419293862958,25.0,25.0,25.0,25.000000000001062
0.08040000000002462,25.0003795624,25.000379790119464,25.0,25.0,25.0,25.00000000000096
0.08060000000002468,25.0003433228,25.000344008218544,25.0,25.0,25.0,25.000000000000867
0.08080000000002474,25.0003108978,25.000311597507043,25.0,25.0,25.0,25.000000000000785
0.0810000000000248,25.0002822876,25.00028224036858,25.0,25.0,25.0,25.00000000000071
0.08120000000002486,25.0002555847,25.000255649110972,25.0,25.0,25.0,25.000000000000643
0.08140000000002492,25.0002307892,25.00023156314693,25.0,25.0,25.0,25.000000000000583
0.08160000000002499,25.0002098083,25.000209746440394,25.0,25.0,25.0,25.00000000000053
0.08180000000002505,25.0001907349,25.000189985193426,25.0,25.0,25.0,25.00000000000048
0.08200000000002511,25.0001716614,25.000172085751025,25.0,25.0,25.0,25.000000000000433
0.08220000000002517,25.0001564026,25.000155872703402,25.0,25.0,25.0,25.000000000000394
0.08240000000002523,25.0001411438,25.00014118716699,25.0,25.0,25.0,25.000000000000355
0.08260000000002529,25.0001277924,25.000127885227414,25.0,25.0,25.0,25.000000000000323
0.08280000000002535,25.0001163483,25.00011583652919,25.0,25.0,25.0,25.00000000000029
0.08300000000002541,25.0001049042,25.000104922998275,25.0,25.0,25.0,25.000000000000266
0.08320000000002548,25.0000953674,25.00009503768495,25.0,25.0,25.0,25.00000000000024
0.08340000000002554,25.0000858307,25.000086083715765,25.0,25.0,25.0,25.000000000000217
0.0836000000000256,25.0000782013,25.00007797334419,25.0,25.0,25.0,25.000000000000195
0.08380000000002566,25.0000705719,25.00007062709074,25.0,25.0,25.0,25.000000000000178
0.08400000000002572,25.0000648499,25.000063972964067,25.0,25.0,25.0,25.00000000000016
0.08420000000002578,25.0000572205,25.0000579457555,25.0,25.0,25.0,25.000000000000146
0.08440000000002584,25.0000534058,25.00005248639999,25.0,25.0,25.0,25.000000000000135
0.0846000000000259,25.0000476837,25.000047541397294,25.0,25.0,25.0,25.00000000000012
0.08480000000002597,25.000043869,25.000043062287702,25.0,25.0,25.0,25.000000000000107
0.08500000000002603,25.000038147,25.00003900517712,25.0,25.0,25.0,25.0000000000001
0.08520000000002609,25.0000362396,25.000035330306947,25.0,25.0,25.0,25.00000000000009
0.08540000000002615,25.0000324249,25.000032001664422,25.0,25.0,25.0,25.000000000000078
0.08560000000002621,25.0000286102,25.00002898662973,25.0,25.0,25.0,25.00000000000007
0.08580000000002627,25.0000267029,25.00002625565633,25.0,25.0,25.0,25.000000000000068
0.08600000000002633,25.0000228882,25.000023781981405,25.0,25.0,25.0,25.000000000000057
0.0862000000000264,25.0000209808,25.00002154136361,25.0,25.0,25.0,25.000000000000053
0.08640000000002646,25.0000190735,25.000019511845466,25.0,25.0,25.0,25.00000000000005
0.08660000000002652,25.0000171661,25.00001767353824,25.0,25.0,25.0,25.000000000000043
0.08680000000002658,25.0000152588,25.000016008427004,25.0,25.0,25.0,25.00000000000004
0.08700000000002664,25.0000152588,25.000014500194116,25.0,25.0,25.0,25.000000000000036
0.0872000000000267,25.0000133514,25.000013134059287,25.0,25.0,25.0,25.000000000000032
0.08740000000002676,25.0000114441,25.00001189663476,25.0,25.0,25.0,25.000000000000032
0.08760000000002682,25.0000114441,25.000010775794106,25.0,25.0,25.0,25.00000000000003
0.08780000000002688,25.0000095367,25.00000976055338,25.0,25.0,25.0,25.00000000000002
0.08800000000002695,25.0000095367,25.00000884096349,25.0,25.0,25.0,25.00000000000002
0.088200000000027,25.0000076294,25.000008008012703,25.0,25.0,25.0,25.000000000000018
0.08840000000002707,25.0000076294,25.000007253538318,25.0,25.0,25.0,25.000000000000018
0.08860000000002713,25.000005722,25.000006570146684,25.0,25.0,25.0,25.000000000000018
0.08880000000002719,25.000005722,25.00000595114075,25.0,25.0,25.0,25.000000000000014
0.08900000000002725,25.000005722,25.00000539045442,25.0,25.0,25.0,25.000000000000014
0.08920000000002731,25.000005722,25.00000488259311,25.0,25.0,25.0,25.000000000000007
0.08940000000002737,25.0000038147,25.000004422579927,25.0,25.0,25.0,25.000000000000007
0.08960000000002744,25.0000038147,25.000004005906852,25.0,25.0,25.0,25.000000000000007
0.0898000000000275,25.0000038147,25.000003628490603,25.0,25.0,25.0,25.000000000000007
0.09000000000002756,25.0000038147,25.0000032866326,25.0,25.0,25.0,25.000000000000007
0.09020000000002762,25.0000038147,25.000002976982728,25.0,25.0,25.0,25.000000000000004
0.09040000000002768,25.0000019073,25.0000026965065,25.0,25.0,25.0,25.000000000000004
0.09060000000002774,25.0000019073,25.00000244245532,25.0,25.0,25.0,25.000000000000004
0.0908000000000278,25.0000019073,25.000002212339552,25.0,25.0,25.0,25.000000000000004
0.09100000000002786,25.0000019073,25.00000200390413,25.0,25.0,25.0,25.000000000000004
0.09120000000002793,25.0000019073,25.000001815106433,25.0,25.0,25.0,25.000000000000004
0.09140000000002799,25.0000019073,25.0000016440963,25.0,25.0,25.0,25.000000000000004
0.09160000000002805,25.0000019073,25.000001489197878,25.0,25.0,25.0,25.000000000000004
0.09180000000002811,25.0000019073,25.000001348893196,25.0,25.0,25.0,25.0
0.09200000000002817,25.0000019073,25.000001221807313,25.0,25.0,25.0,25.0
0.09220000000002823,25.0000019073,25.000001106694818,25.0,25.0,25.0,25.0
0.09240000000002829,25.0000019073,25.000001002427638,25.0,25.0,25.0,25.0
0.09260000000002835,25.0,25.000000907983985,25.0,25.0,25.0,25.0
0.09280000000002842,25.0,25.000000822438334,25.0,25.0,25.0,25.0
0.09300000000002848,25.0,25.000000744952363,25.0,25.0,25.0,25.0
0.09320000000002854,25.0,25.000000674766724,25.0,25.0,25.0,25.0
0.0934000000000286,25.0,25.00000061119362,25.0,25.0,25.0,25.0
0.09360000000002866,25.0,25.000000553610057,25.0,25.0,25.0,25.0
0.09380000000002872,25.0,25.00000050145172,25.0,25.0,25.0,25.0
0.09400000000002878,25.0,25.00000045420748,25.0,25.0,25.0,25.0
0.09420000000002884,25.0,25.00000041141435,25.0,25.0,25.0,25.0
0.0944000000000289,25.0,25.000000372652977,25.0,25.0,25.0,25.0
0.09460000000002897,25.0,25.0000003375435,25.0,25.0,25.0,25.0
0.09480000000002903,25.0,25.000000305741864,25.0,25.0,25.0,25.0
0.09500000000002909,25.0,25.00000027693641,25.0,25.0,25.0,25.0
0.09520000000002915,25.0,25.000000250844863,25.0,25.0,25.0,25.0
0.09540000000002921,25.0,25.000000227211533,25.0,25.0,25.0,25.0
0.09560000000002927,25.0,25.000000205804813,25.0,25.0,25.0,25.0
0.09580000000002933,25.0,25.00000018641493,25.0,25.0,25.0,25.0
0.0960000000000294,25.0,25.000000168851855,25.0,25.0,25.0,25.0
0.09620000000002946,25.0,25.00000015294349,25.0,25.0,25.0,25.0
0.09640000000002952,25.0,25.00000013853393,25.0,25.0,25.0,25.0
0.09660000000002958,25.0,25.00000012548196,25.0,25.0,25.0,25.0
0.09680000000002964,25.0,25.00000011365969,25.0,25.0,25.0,25.0
0.0970000000000297,25.0,25.000000102951248,25.0,25.0,25.0,25.0
0.09720000000002976,25.0,25.000000093251703,25.0,25.0,25.0,25.0
0.09740000000002982,25.0,25.000000084466,25.0,25.0,25.0,25.0
0.09760000000002989,25.0,25.000000076508044,25.0,25.0,25.0,25.0
0.09780000000002995,25.0,25.00000006929984,25.0,25.0,25.0,25.0
0.09800000000003001,25.0,25.000000062770763,25.0,25.0,25.0,25.0
0.09820000000003007,25.0,25.000000056856816,25.0,25.0,25.0,25.0
0.09840000000003013,25.0,25.00000005150006,25.0,25.0,25.0,25.0
0.09860000000003019,25.0,25.000000046647983,25.0,25.0,25.0,25.0
0.09880000000003025,25.0,25.000000042253046,25.0,25.0,25.0,25.0
0.09900000000003031,25.0,25.000000038272177,25.0,25.0,25.0,25.0
0.09920000000003037,25.0,25.000000034666368,25.0,25.0,25.0,25.0
0.09940000000003044,25.0,25.000000031400276,25.0,25.0,25.0,25.0
0.0996000000000305,25.0,25.000000028441903,25.0,25.0,25.0,25.0
0.09980000000003056,25.0,25.00000002576225,25.0,25.0,25.0,25.0
